workerId,chart,data_size,outcome,outcome_true,responseTime
cd16368f79d9049b15ff489cd44772812864229b,PB,150,False,0,5635
cd16368f79d9049b15ff489cd44772812864229b,PB,150,True,1,4221
cd16368f79d9049b15ff489cd44772812864229b,PB,75,True,1,8428
cd16368f79d9049b15ff489cd44772812864229b,PB,75,False,0,3056
cd16368f79d9049b15ff489cd44772812864229b,PB,75,True,1,3026
cd16368f79d9049b15ff489cd44772812864229b,PB,75,False,0,1839
cd16368f79d9049b15ff489cd44772812864229b,PB,150,False,0,2768
cd16368f79d9049b15ff489cd44772812864229b,PB,300,True,1,2726
cd16368f79d9049b15ff489cd44772812864229b,PB,300,True,1,4423
cd16368f79d9049b15ff489cd44772812864229b,PB,75,True,1,2180
cd16368f79d9049b15ff489cd44772812864229b,PB,300,True,1,2745
cd16368f79d9049b15ff489cd44772812864229b,PB,300,True,1,10708
cd16368f79d9049b15ff489cd44772812864229b,PB,150,False,0,4091
cd16368f79d9049b15ff489cd44772812864229b,PB,150,True,1,2445
cd16368f79d9049b15ff489cd44772812864229b,PB,75,True,1,3275
cd16368f79d9049b15ff489cd44772812864229b,PB,300,False,0,3139
cd16368f79d9049b15ff489cd44772812864229b,PB,150,True,1,2950
cd16368f79d9049b15ff489cd44772812864229b,PB,150,True,1,2686
cd16368f79d9049b15ff489cd44772812864229b,PB,300,True,1,5209
cd16368f79d9049b15ff489cd44772812864229b,PB,150,True,1,3208
cd16368f79d9049b15ff489cd44772812864229b,PB,300,True,1,3185
cd16368f79d9049b15ff489cd44772812864229b,PB,75,True,1,2500
cd16368f79d9049b15ff489cd44772812864229b,PB,75,True,1,2324
cd16368f79d9049b15ff489cd44772812864229b,PB,75,True,1,2548
cd16368f79d9049b15ff489cd44772812864229b,PB,150,False,0,2067
cd16368f79d9049b15ff489cd44772812864229b,PB,300,True,1,2379
cd16368f79d9049b15ff489cd44772812864229b,PB,300,False,0,3127
d1f9ce592d0904020b1a95982d5c154f43cb6a33,WB,75,False,0,5978
d1f9ce592d0904020b1a95982d5c154f43cb6a33,WB,150,True,1,3923
d1f9ce592d0904020b1a95982d5c154f43cb6a33,WB,75,False,0,2020
d1f9ce592d0904020b1a95982d5c154f43cb6a33,WB,75,False,0,2370
d1f9ce592d0904020b1a95982d5c154f43cb6a33,WB,150,False,0,5309
d1f9ce592d0904020b1a95982d5c154f43cb6a33,WB,150,True,1,3169
d1f9ce592d0904020b1a95982d5c154f43cb6a33,WB,150,True,1,2672
d1f9ce592d0904020b1a95982d5c154f43cb6a33,WB,75,True,1,2226
d1f9ce592d0904020b1a95982d5c154f43cb6a33,WB,150,True,1,3069
d1f9ce592d0904020b1a95982d5c154f43cb6a33,WB,150,True,1,3762
d1f9ce592d0904020b1a95982d5c154f43cb6a33,WB,300,False,0,5100
d1f9ce592d0904020b1a95982d5c154f43cb6a33,WB,300,True,1,3290
d1f9ce592d0904020b1a95982d5c154f43cb6a33,WB,300,True,1,3353
d1f9ce592d0904020b1a95982d5c154f43cb6a33,WB,75,True,1,3571
d1f9ce592d0904020b1a95982d5c154f43cb6a33,WB,300,True,1,3548
d1f9ce592d0904020b1a95982d5c154f43cb6a33,WB,75,True,1,2783
d1f9ce592d0904020b1a95982d5c154f43cb6a33,WB,150,True,1,3484
d1f9ce592d0904020b1a95982d5c154f43cb6a33,WB,300,True,1,2544
d1f9ce592d0904020b1a95982d5c154f43cb6a33,WB,75,True,1,3365
d1f9ce592d0904020b1a95982d5c154f43cb6a33,WB,300,False,0,2306
d1f9ce592d0904020b1a95982d5c154f43cb6a33,WB,150,False,0,3267
d1f9ce592d0904020b1a95982d5c154f43cb6a33,WB,75,False,0,2863
d1f9ce592d0904020b1a95982d5c154f43cb6a33,WB,300,False,0,4401
d1f9ce592d0904020b1a95982d5c154f43cb6a33,WB,150,True,1,2145
d1f9ce592d0904020b1a95982d5c154f43cb6a33,WB,75,False,0,3450
d1f9ce592d0904020b1a95982d5c154f43cb6a33,WB,300,False,0,4988
d1f9ce592d0904020b1a95982d5c154f43cb6a33,WB,300,True,1,2956
3009d508be495e18592987156c95a044e81faafc,PB,300,False,0,7651
3009d508be495e18592987156c95a044e81faafc,PB,75,True,1,2898
3009d508be495e18592987156c95a044e81faafc,PB,300,True,1,3959
3009d508be495e18592987156c95a044e81faafc,PB,75,False,0,4365
3009d508be495e18592987156c95a044e81faafc,PB,75,False,0,9016
3009d508be495e18592987156c95a044e81faafc,PB,300,False,0,6654
3009d508be495e18592987156c95a044e81faafc,PB,75,True,1,3033
3009d508be495e18592987156c95a044e81faafc,PB,75,False,0,3097
3009d508be495e18592987156c95a044e81faafc,PB,150,True,1,12083
3009d508be495e18592987156c95a044e81faafc,PB,150,False,0,3355
3009d508be495e18592987156c95a044e81faafc,PB,150,False,0,3711
3009d508be495e18592987156c95a044e81faafc,PB,150,True,1,3575
3009d508be495e18592987156c95a044e81faafc,PB,300,True,1,2214
3009d508be495e18592987156c95a044e81faafc,PB,75,True,1,4053
3009d508be495e18592987156c95a044e81faafc,PB,150,False,0,3051
3009d508be495e18592987156c95a044e81faafc,PB,300,True,1,7001
3009d508be495e18592987156c95a044e81faafc,PB,75,False,0,3167
3009d508be495e18592987156c95a044e81faafc,PB,150,True,1,2988
3009d508be495e18592987156c95a044e81faafc,PB,300,False,0,4727
3009d508be495e18592987156c95a044e81faafc,PB,150,True,1,2725
3009d508be495e18592987156c95a044e81faafc,PB,150,False,0,3186
3009d508be495e18592987156c95a044e81faafc,PB,300,False,0,2788
3009d508be495e18592987156c95a044e81faafc,PB,300,True,1,3074
3009d508be495e18592987156c95a044e81faafc,PB,150,True,1,2813
3009d508be495e18592987156c95a044e81faafc,PB,300,False,0,2961
3009d508be495e18592987156c95a044e81faafc,PB,75,False,0,4104
3009d508be495e18592987156c95a044e81faafc,PB,75,True,1,3459
711d0c32f77dd7ab2a050fe8a07a732313d1e03f,WB,75,False,0,6070
711d0c32f77dd7ab2a050fe8a07a732313d1e03f,WB,150,True,1,2981
711d0c32f77dd7ab2a050fe8a07a732313d1e03f,WB,300,False,0,4291
711d0c32f77dd7ab2a050fe8a07a732313d1e03f,WB,75,True,1,2734
711d0c32f77dd7ab2a050fe8a07a732313d1e03f,WB,300,False,0,3170
711d0c32f77dd7ab2a050fe8a07a732313d1e03f,WB,150,True,1,3861
711d0c32f77dd7ab2a050fe8a07a732313d1e03f,WB,75,True,1,2640
711d0c32f77dd7ab2a050fe8a07a732313d1e03f,WB,150,False,0,3133
711d0c32f77dd7ab2a050fe8a07a732313d1e03f,WB,300,True,1,4127
711d0c32f77dd7ab2a050fe8a07a732313d1e03f,WB,75,True,1,5464
711d0c32f77dd7ab2a050fe8a07a732313d1e03f,WB,300,True,1,2699
711d0c32f77dd7ab2a050fe8a07a732313d1e03f,WB,75,True,1,4978
711d0c32f77dd7ab2a050fe8a07a732313d1e03f,WB,300,True,1,2604
711d0c32f77dd7ab2a050fe8a07a732313d1e03f,WB,150,True,1,1723
711d0c32f77dd7ab2a050fe8a07a732313d1e03f,WB,300,True,1,2190
711d0c32f77dd7ab2a050fe8a07a732313d1e03f,WB,300,True,1,2611
711d0c32f77dd7ab2a050fe8a07a732313d1e03f,WB,150,False,0,1577
711d0c32f77dd7ab2a050fe8a07a732313d1e03f,WB,150,True,1,2066
711d0c32f77dd7ab2a050fe8a07a732313d1e03f,WB,300,False,0,3260
711d0c32f77dd7ab2a050fe8a07a732313d1e03f,WB,150,True,1,3528
711d0c32f77dd7ab2a050fe8a07a732313d1e03f,WB,75,False,0,2711
711d0c32f77dd7ab2a050fe8a07a732313d1e03f,WB,300,True,1,2120
711d0c32f77dd7ab2a050fe8a07a732313d1e03f,WB,75,True,1,2110
711d0c32f77dd7ab2a050fe8a07a732313d1e03f,WB,75,True,1,1802
711d0c32f77dd7ab2a050fe8a07a732313d1e03f,WB,150,True,1,2144
711d0c32f77dd7ab2a050fe8a07a732313d1e03f,WB,75,True,1,1814
711d0c32f77dd7ab2a050fe8a07a732313d1e03f,WB,150,True,1,2631
c591f994c50e53df26dad574d7372b907fa86734,WB,150,False,0,21670
c591f994c50e53df26dad574d7372b907fa86734,WB,300,False,0,8611
c591f994c50e53df26dad574d7372b907fa86734,WB,150,True,1,6422
c591f994c50e53df26dad574d7372b907fa86734,WB,300,False,0,4250
c591f994c50e53df26dad574d7372b907fa86734,WB,300,False,0,7059
c591f994c50e53df26dad574d7372b907fa86734,WB,75,True,1,3093
c591f994c50e53df26dad574d7372b907fa86734,WB,75,True,1,3033
c591f994c50e53df26dad574d7372b907fa86734,WB,75,False,0,3037
c591f994c50e53df26dad574d7372b907fa86734,WB,300,True,1,7015
c591f994c50e53df26dad574d7372b907fa86734,WB,300,True,1,8340
c591f994c50e53df26dad574d7372b907fa86734,WB,300,True,1,3566
c591f994c50e53df26dad574d7372b907fa86734,WB,150,True,1,2748
c591f994c50e53df26dad574d7372b907fa86734,WB,75,True,1,6268
c591f994c50e53df26dad574d7372b907fa86734,WB,150,True,1,2883
c591f994c50e53df26dad574d7372b907fa86734,WB,75,True,1,2759
c591f994c50e53df26dad574d7372b907fa86734,WB,300,True,1,2994
c591f994c50e53df26dad574d7372b907fa86734,WB,150,True,1,2889
c591f994c50e53df26dad574d7372b907fa86734,WB,75,False,0,3330
c591f994c50e53df26dad574d7372b907fa86734,WB,150,False,0,3921
c591f994c50e53df26dad574d7372b907fa86734,WB,300,True,1,3058
c591f994c50e53df26dad574d7372b907fa86734,WB,150,True,1,2449
c591f994c50e53df26dad574d7372b907fa86734,WB,150,False,0,2615
c591f994c50e53df26dad574d7372b907fa86734,WB,150,True,1,1670
c591f994c50e53df26dad574d7372b907fa86734,WB,300,True,1,2989
c591f994c50e53df26dad574d7372b907fa86734,WB,75,False,0,3230
c591f994c50e53df26dad574d7372b907fa86734,WB,75,True,1,2598
c591f994c50e53df26dad574d7372b907fa86734,WB,75,False,0,2269
43ff1572caec929be82f54132f5c7fa5fbc3c09b,WB,75,True,1,4316
43ff1572caec929be82f54132f5c7fa5fbc3c09b,WB,150,True,1,3701
43ff1572caec929be82f54132f5c7fa5fbc3c09b,WB,75,True,1,3254
43ff1572caec929be82f54132f5c7fa5fbc3c09b,WB,75,False,0,1480
43ff1572caec929be82f54132f5c7fa5fbc3c09b,WB,300,False,0,2616
43ff1572caec929be82f54132f5c7fa5fbc3c09b,WB,75,True,1,3835
43ff1572caec929be82f54132f5c7fa5fbc3c09b,WB,75,True,1,3265
43ff1572caec929be82f54132f5c7fa5fbc3c09b,WB,300,True,1,1833
43ff1572caec929be82f54132f5c7fa5fbc3c09b,WB,300,True,1,3425
43ff1572caec929be82f54132f5c7fa5fbc3c09b,WB,300,False,0,2783
43ff1572caec929be82f54132f5c7fa5fbc3c09b,WB,150,True,1,6759
43ff1572caec929be82f54132f5c7fa5fbc3c09b,WB,300,True,1,5997
43ff1572caec929be82f54132f5c7fa5fbc3c09b,WB,150,False,0,6530
43ff1572caec929be82f54132f5c7fa5fbc3c09b,WB,300,False,0,6057
43ff1572caec929be82f54132f5c7fa5fbc3c09b,WB,300,True,1,2208
43ff1572caec929be82f54132f5c7fa5fbc3c09b,WB,150,False,0,1595
43ff1572caec929be82f54132f5c7fa5fbc3c09b,WB,150,True,1,2525
43ff1572caec929be82f54132f5c7fa5fbc3c09b,WB,75,True,1,4266
43ff1572caec929be82f54132f5c7fa5fbc3c09b,WB,150,True,1,5058
43ff1572caec929be82f54132f5c7fa5fbc3c09b,WB,300,False,0,1951
43ff1572caec929be82f54132f5c7fa5fbc3c09b,WB,75,True,1,2933
43ff1572caec929be82f54132f5c7fa5fbc3c09b,WB,75,False,0,2753
43ff1572caec929be82f54132f5c7fa5fbc3c09b,WB,150,True,1,2232
43ff1572caec929be82f54132f5c7fa5fbc3c09b,WB,150,True,1,1628
43ff1572caec929be82f54132f5c7fa5fbc3c09b,WB,75,True,1,2725
43ff1572caec929be82f54132f5c7fa5fbc3c09b,WB,300,True,1,3153
43ff1572caec929be82f54132f5c7fa5fbc3c09b,WB,150,True,1,4773
c7362b85894d4c548dfdf5a7cbe4f111590fad0e,TM,75,False,0,4323
c7362b85894d4c548dfdf5a7cbe4f111590fad0e,TM,300,False,0,3440
c7362b85894d4c548dfdf5a7cbe4f111590fad0e,TM,75,False,0,1590
c7362b85894d4c548dfdf5a7cbe4f111590fad0e,TM,75,True,1,1867
c7362b85894d4c548dfdf5a7cbe4f111590fad0e,TM,150,False,0,3400
c7362b85894d4c548dfdf5a7cbe4f111590fad0e,TM,75,False,0,1977
c7362b85894d4c548dfdf5a7cbe4f111590fad0e,TM,300,False,0,2861
c7362b85894d4c548dfdf5a7cbe4f111590fad0e,TM,150,True,1,1842
c7362b85894d4c548dfdf5a7cbe4f111590fad0e,TM,300,False,0,3633
c7362b85894d4c548dfdf5a7cbe4f111590fad0e,TM,300,True,1,4121
c7362b85894d4c548dfdf5a7cbe4f111590fad0e,TM,150,True,1,3101
c7362b85894d4c548dfdf5a7cbe4f111590fad0e,TM,300,True,1,3423
c7362b85894d4c548dfdf5a7cbe4f111590fad0e,TM,75,False,0,4240
c7362b85894d4c548dfdf5a7cbe4f111590fad0e,TM,300,False,0,3789
c7362b85894d4c548dfdf5a7cbe4f111590fad0e,TM,150,False,0,3276
c7362b85894d4c548dfdf5a7cbe4f111590fad0e,TM,300,True,1,3647
c7362b85894d4c548dfdf5a7cbe4f111590fad0e,TM,150,True,1,4676
c7362b85894d4c548dfdf5a7cbe4f111590fad0e,TM,75,False,0,3502
c7362b85894d4c548dfdf5a7cbe4f111590fad0e,TM,75,True,1,2745
c7362b85894d4c548dfdf5a7cbe4f111590fad0e,TM,75,True,1,4736
c7362b85894d4c548dfdf5a7cbe4f111590fad0e,TM,150,False,0,4595
c7362b85894d4c548dfdf5a7cbe4f111590fad0e,TM,150,False,0,4590
c7362b85894d4c548dfdf5a7cbe4f111590fad0e,TM,75,False,0,3595
c7362b85894d4c548dfdf5a7cbe4f111590fad0e,TM,300,False,0,2519
c7362b85894d4c548dfdf5a7cbe4f111590fad0e,TM,150,True,1,3608
c7362b85894d4c548dfdf5a7cbe4f111590fad0e,TM,300,True,1,5146
c7362b85894d4c548dfdf5a7cbe4f111590fad0e,TM,150,True,1,3140
30c3711bdc905d2bdc7ac9a1bfcf11b8d8a22de9,WB,150,True,1,2181
30c3711bdc905d2bdc7ac9a1bfcf11b8d8a22de9,WB,75,False,0,2930
30c3711bdc905d2bdc7ac9a1bfcf11b8d8a22de9,WB,300,True,1,3982
30c3711bdc905d2bdc7ac9a1bfcf11b8d8a22de9,WB,150,True,1,2058
30c3711bdc905d2bdc7ac9a1bfcf11b8d8a22de9,WB,75,False,0,1017
30c3711bdc905d2bdc7ac9a1bfcf11b8d8a22de9,WB,75,True,1,2059
30c3711bdc905d2bdc7ac9a1bfcf11b8d8a22de9,WB,150,True,1,1011
30c3711bdc905d2bdc7ac9a1bfcf11b8d8a22de9,WB,75,False,0,1149
30c3711bdc905d2bdc7ac9a1bfcf11b8d8a22de9,WB,75,True,1,1110
30c3711bdc905d2bdc7ac9a1bfcf11b8d8a22de9,WB,75,True,1,2587
30c3711bdc905d2bdc7ac9a1bfcf11b8d8a22de9,WB,150,False,0,979
30c3711bdc905d2bdc7ac9a1bfcf11b8d8a22de9,WB,75,False,0,1445
30c3711bdc905d2bdc7ac9a1bfcf11b8d8a22de9,WB,150,True,1,1317
30c3711bdc905d2bdc7ac9a1bfcf11b8d8a22de9,WB,300,True,1,1670
30c3711bdc905d2bdc7ac9a1bfcf11b8d8a22de9,WB,150,False,0,1037
30c3711bdc905d2bdc7ac9a1bfcf11b8d8a22de9,WB,300,True,1,912
30c3711bdc905d2bdc7ac9a1bfcf11b8d8a22de9,WB,75,True,1,816
30c3711bdc905d2bdc7ac9a1bfcf11b8d8a22de9,WB,300,False,0,1027
30c3711bdc905d2bdc7ac9a1bfcf11b8d8a22de9,WB,75,False,0,1131
30c3711bdc905d2bdc7ac9a1bfcf11b8d8a22de9,WB,300,True,1,1272
30c3711bdc905d2bdc7ac9a1bfcf11b8d8a22de9,WB,300,True,1,1355
30c3711bdc905d2bdc7ac9a1bfcf11b8d8a22de9,WB,300,False,0,1092
30c3711bdc905d2bdc7ac9a1bfcf11b8d8a22de9,WB,300,False,0,1413
30c3711bdc905d2bdc7ac9a1bfcf11b8d8a22de9,WB,300,False,0,1825
30c3711bdc905d2bdc7ac9a1bfcf11b8d8a22de9,WB,150,False,0,826
30c3711bdc905d2bdc7ac9a1bfcf11b8d8a22de9,WB,150,False,0,1242
30c3711bdc905d2bdc7ac9a1bfcf11b8d8a22de9,WB,150,False,0,1090
2e4d9be8ee6c717fa0573b2a59e3727d7f74b6d8,TM,75,False,0,3983
2e4d9be8ee6c717fa0573b2a59e3727d7f74b6d8,TM,75,True,1,3320
2e4d9be8ee6c717fa0573b2a59e3727d7f74b6d8,TM,300,False,0,2332
2e4d9be8ee6c717fa0573b2a59e3727d7f74b6d8,TM,150,True,1,4870
2e4d9be8ee6c717fa0573b2a59e3727d7f74b6d8,TM,75,False,0,4554
2e4d9be8ee6c717fa0573b2a59e3727d7f74b6d8,TM,300,False,0,3911
2e4d9be8ee6c717fa0573b2a59e3727d7f74b6d8,TM,300,False,0,2531
2e4d9be8ee6c717fa0573b2a59e3727d7f74b6d8,TM,150,False,0,3283
2e4d9be8ee6c717fa0573b2a59e3727d7f74b6d8,TM,300,False,0,1531
2e4d9be8ee6c717fa0573b2a59e3727d7f74b6d8,TM,75,False,0,9257
2e4d9be8ee6c717fa0573b2a59e3727d7f74b6d8,TM,75,False,0,1666
2e4d9be8ee6c717fa0573b2a59e3727d7f74b6d8,TM,75,False,0,1045
2e4d9be8ee6c717fa0573b2a59e3727d7f74b6d8,TM,150,True,1,2443
2e4d9be8ee6c717fa0573b2a59e3727d7f74b6d8,TM,75,False,0,3074
2e4d9be8ee6c717fa0573b2a59e3727d7f74b6d8,TM,150,True,1,7491
2e4d9be8ee6c717fa0573b2a59e3727d7f74b6d8,TM,300,True,1,3144
2e4d9be8ee6c717fa0573b2a59e3727d7f74b6d8,TM,75,True,1,2381
2e4d9be8ee6c717fa0573b2a59e3727d7f74b6d8,TM,150,False,0,2204
2e4d9be8ee6c717fa0573b2a59e3727d7f74b6d8,TM,300,False,0,1473
2e4d9be8ee6c717fa0573b2a59e3727d7f74b6d8,TM,150,False,0,2219
2e4d9be8ee6c717fa0573b2a59e3727d7f74b6d8,TM,150,True,1,1926
2e4d9be8ee6c717fa0573b2a59e3727d7f74b6d8,TM,150,False,0,2555
2e4d9be8ee6c717fa0573b2a59e3727d7f74b6d8,TM,300,False,0,2230
2e4d9be8ee6c717fa0573b2a59e3727d7f74b6d8,TM,75,True,1,2301
2e4d9be8ee6c717fa0573b2a59e3727d7f74b6d8,TM,300,True,1,1790
2e4d9be8ee6c717fa0573b2a59e3727d7f74b6d8,TM,150,False,0,1909
2e4d9be8ee6c717fa0573b2a59e3727d7f74b6d8,TM,300,Undecided,0,1624
810c0288bf9912298e5282e9be53a90015d6fca5,TM,75,True,1,4287
810c0288bf9912298e5282e9be53a90015d6fca5,TM,150,False,0,2050
810c0288bf9912298e5282e9be53a90015d6fca5,TM,75,False,0,3348
810c0288bf9912298e5282e9be53a90015d6fca5,TM,300,False,0,2324
810c0288bf9912298e5282e9be53a90015d6fca5,TM,75,True,1,4861
810c0288bf9912298e5282e9be53a90015d6fca5,TM,75,True,1,2366
810c0288bf9912298e5282e9be53a90015d6fca5,TM,150,True,1,1873
810c0288bf9912298e5282e9be53a90015d6fca5,TM,150,True,1,1627
810c0288bf9912298e5282e9be53a90015d6fca5,TM,150,False,0,2025
810c0288bf9912298e5282e9be53a90015d6fca5,TM,75,True,1,2321
810c0288bf9912298e5282e9be53a90015d6fca5,TM,300,True,1,1696
810c0288bf9912298e5282e9be53a90015d6fca5,TM,300,Undecided,0,4545
810c0288bf9912298e5282e9be53a90015d6fca5,TM,150,False,0,3307
810c0288bf9912298e5282e9be53a90015d6fca5,TM,150,False,0,2165
810c0288bf9912298e5282e9be53a90015d6fca5,TM,300,True,1,1624
810c0288bf9912298e5282e9be53a90015d6fca5,TM,150,True,1,1702
810c0288bf9912298e5282e9be53a90015d6fca5,TM,300,Undecided,0,1566
810c0288bf9912298e5282e9be53a90015d6fca5,TM,150,False,0,1873
810c0288bf9912298e5282e9be53a90015d6fca5,TM,300,True,1,2922
810c0288bf9912298e5282e9be53a90015d6fca5,TM,75,True,1,2447
810c0288bf9912298e5282e9be53a90015d6fca5,TM,300,True,1,2700
810c0288bf9912298e5282e9be53a90015d6fca5,TM,75,True,1,1818
810c0288bf9912298e5282e9be53a90015d6fca5,TM,300,Undecided,0,1730
810c0288bf9912298e5282e9be53a90015d6fca5,TM,75,True,1,3363
810c0288bf9912298e5282e9be53a90015d6fca5,TM,75,True,1,1713
810c0288bf9912298e5282e9be53a90015d6fca5,TM,150,False,0,1573
810c0288bf9912298e5282e9be53a90015d6fca5,TM,300,True,1,1447
2417f4e4d9cd899a7033bea89fd27432dd415741,PB,300,True,1,8007
2417f4e4d9cd899a7033bea89fd27432dd415741,PB,75,True,1,2486
2417f4e4d9cd899a7033bea89fd27432dd415741,PB,300,True,1,3292
2417f4e4d9cd899a7033bea89fd27432dd415741,PB,300,False,0,2577
2417f4e4d9cd899a7033bea89fd27432dd415741,PB,150,True,1,1670
2417f4e4d9cd899a7033bea89fd27432dd415741,PB,75,False,0,2118
2417f4e4d9cd899a7033bea89fd27432dd415741,PB,300,True,1,2437
2417f4e4d9cd899a7033bea89fd27432dd415741,PB,75,True,1,2674
2417f4e4d9cd899a7033bea89fd27432dd415741,PB,150,True,1,2963
2417f4e4d9cd899a7033bea89fd27432dd415741,PB,150,True,1,2583
2417f4e4d9cd899a7033bea89fd27432dd415741,PB,75,True,1,2294
2417f4e4d9cd899a7033bea89fd27432dd415741,PB,150,True,1,2752
2417f4e4d9cd899a7033bea89fd27432dd415741,PB,75,True,1,2225
2417f4e4d9cd899a7033bea89fd27432dd415741,PB,75,True,1,3671
2417f4e4d9cd899a7033bea89fd27432dd415741,PB,150,True,1,2606
2417f4e4d9cd899a7033bea89fd27432dd415741,PB,150,True,1,2766
2417f4e4d9cd899a7033bea89fd27432dd415741,PB,75,False,0,1997
2417f4e4d9cd899a7033bea89fd27432dd415741,PB,300,True,1,2088
2417f4e4d9cd899a7033bea89fd27432dd415741,PB,150,False,0,1591
2417f4e4d9cd899a7033bea89fd27432dd415741,PB,75,True,1,2161
2417f4e4d9cd899a7033bea89fd27432dd415741,PB,300,False,0,1490
2417f4e4d9cd899a7033bea89fd27432dd415741,PB,150,False,0,2204
2417f4e4d9cd899a7033bea89fd27432dd415741,PB,300,True,1,2400
2417f4e4d9cd899a7033bea89fd27432dd415741,PB,300,True,1,2956
2417f4e4d9cd899a7033bea89fd27432dd415741,PB,300,True,1,2224
2417f4e4d9cd899a7033bea89fd27432dd415741,PB,75,False,0,1446
2417f4e4d9cd899a7033bea89fd27432dd415741,PB,150,True,1,2497
077fe23c9689998e1950f553283482b9977e0223,TM,150,True,1,8435
077fe23c9689998e1950f553283482b9977e0223,TM,300,True,1,5561
077fe23c9689998e1950f553283482b9977e0223,TM,75,True,1,5966
077fe23c9689998e1950f553283482b9977e0223,TM,300,True,1,3093
077fe23c9689998e1950f553283482b9977e0223,TM,150,False,0,2375
077fe23c9689998e1950f553283482b9977e0223,TM,150,False,0,7120
077fe23c9689998e1950f553283482b9977e0223,TM,300,False,0,2968
077fe23c9689998e1950f553283482b9977e0223,TM,75,True,1,3210
077fe23c9689998e1950f553283482b9977e0223,TM,75,True,1,5204
077fe23c9689998e1950f553283482b9977e0223,TM,75,True,1,13693
077fe23c9689998e1950f553283482b9977e0223,TM,75,True,1,2640
077fe23c9689998e1950f553283482b9977e0223,TM,300,True,1,3206
077fe23c9689998e1950f553283482b9977e0223,TM,150,False,0,7555
077fe23c9689998e1950f553283482b9977e0223,TM,300,False,0,6377
077fe23c9689998e1950f553283482b9977e0223,TM,75,False,0,4431
077fe23c9689998e1950f553283482b9977e0223,TM,150,True,1,3489
077fe23c9689998e1950f553283482b9977e0223,TM,300,True,1,3978
077fe23c9689998e1950f553283482b9977e0223,TM,300,True,1,3536
077fe23c9689998e1950f553283482b9977e0223,TM,75,False,0,5909
077fe23c9689998e1950f553283482b9977e0223,TM,150,True,1,3886
077fe23c9689998e1950f553283482b9977e0223,TM,300,True,1,5265
077fe23c9689998e1950f553283482b9977e0223,TM,150,False,0,8592
077fe23c9689998e1950f553283482b9977e0223,TM,75,True,1,13248
077fe23c9689998e1950f553283482b9977e0223,TM,150,False,0,7134
077fe23c9689998e1950f553283482b9977e0223,TM,300,False,0,5045
077fe23c9689998e1950f553283482b9977e0223,TM,75,True,1,7036
077fe23c9689998e1950f553283482b9977e0223,TM,150,False,0,5155
b4904702b26194128d523404135578789a0a6058,PB,150,True,1,3259
b4904702b26194128d523404135578789a0a6058,PB,75,False,0,4526
b4904702b26194128d523404135578789a0a6058,PB,150,True,1,2464
b4904702b26194128d523404135578789a0a6058,PB,75,True,1,4125
b4904702b26194128d523404135578789a0a6058,PB,75,True,1,4978
b4904702b26194128d523404135578789a0a6058,PB,150,False,0,2657
b4904702b26194128d523404135578789a0a6058,PB,75,True,1,3853
b4904702b26194128d523404135578789a0a6058,PB,150,True,1,4984
b4904702b26194128d523404135578789a0a6058,PB,300,True,1,5072
b4904702b26194128d523404135578789a0a6058,PB,150,False,0,3954
b4904702b26194128d523404135578789a0a6058,PB,75,False,0,4303
b4904702b26194128d523404135578789a0a6058,PB,300,False,0,3380
b4904702b26194128d523404135578789a0a6058,PB,75,True,1,7857
b4904702b26194128d523404135578789a0a6058,PB,150,True,1,3819
b4904702b26194128d523404135578789a0a6058,PB,300,False,0,5714
b4904702b26194128d523404135578789a0a6058,PB,75,True,1,3377
b4904702b26194128d523404135578789a0a6058,PB,150,True,1,2205
b4904702b26194128d523404135578789a0a6058,PB,300,False,0,2353
b4904702b26194128d523404135578789a0a6058,PB,150,False,0,4255
b4904702b26194128d523404135578789a0a6058,PB,300,True,1,2241
b4904702b26194128d523404135578789a0a6058,PB,75,True,1,6823
b4904702b26194128d523404135578789a0a6058,PB,300,True,1,3988
b4904702b26194128d523404135578789a0a6058,PB,300,True,1,2857
b4904702b26194128d523404135578789a0a6058,PB,300,True,1,2761
b4904702b26194128d523404135578789a0a6058,PB,300,True,1,2796
b4904702b26194128d523404135578789a0a6058,PB,75,True,1,2287
b4904702b26194128d523404135578789a0a6058,PB,150,True,1,2101
36a8a89bb7b773b6eb25502662c3ba04465975ec,TM,150,True,1,8126
36a8a89bb7b773b6eb25502662c3ba04465975ec,TM,75,True,1,3034
36a8a89bb7b773b6eb25502662c3ba04465975ec,TM,150,True,1,4954
36a8a89bb7b773b6eb25502662c3ba04465975ec,TM,75,False,0,5685
36a8a89bb7b773b6eb25502662c3ba04465975ec,TM,300,False,0,6098
36a8a89bb7b773b6eb25502662c3ba04465975ec,TM,300,True,1,4847
36a8a89bb7b773b6eb25502662c3ba04465975ec,TM,300,True,1,5768
36a8a89bb7b773b6eb25502662c3ba04465975ec,TM,150,False,0,5166
36a8a89bb7b773b6eb25502662c3ba04465975ec,TM,75,False,0,4920
36a8a89bb7b773b6eb25502662c3ba04465975ec,TM,150,False,0,6725
36a8a89bb7b773b6eb25502662c3ba04465975ec,TM,150,True,1,5555
36a8a89bb7b773b6eb25502662c3ba04465975ec,TM,150,False,0,3262
36a8a89bb7b773b6eb25502662c3ba04465975ec,TM,300,True,1,7269
36a8a89bb7b773b6eb25502662c3ba04465975ec,TM,300,False,0,4158
36a8a89bb7b773b6eb25502662c3ba04465975ec,TM,300,False,0,3133
36a8a89bb7b773b6eb25502662c3ba04465975ec,TM,150,False,0,4364
36a8a89bb7b773b6eb25502662c3ba04465975ec,TM,75,True,1,3369
36a8a89bb7b773b6eb25502662c3ba04465975ec,TM,75,False,0,4289
36a8a89bb7b773b6eb25502662c3ba04465975ec,TM,150,True,1,6109
36a8a89bb7b773b6eb25502662c3ba04465975ec,TM,75,False,0,5429
36a8a89bb7b773b6eb25502662c3ba04465975ec,TM,300,False,0,2379
36a8a89bb7b773b6eb25502662c3ba04465975ec,TM,75,False,0,6303
36a8a89bb7b773b6eb25502662c3ba04465975ec,TM,75,True,1,2430
36a8a89bb7b773b6eb25502662c3ba04465975ec,TM,150,True,1,3901
36a8a89bb7b773b6eb25502662c3ba04465975ec,TM,300,True,1,3758
36a8a89bb7b773b6eb25502662c3ba04465975ec,TM,300,True,1,5220
36a8a89bb7b773b6eb25502662c3ba04465975ec,TM,75,False,0,3235
4487d3bb9b266666c3a12a0547a88a6103a32d0b,TM,75,False,0,6339
4487d3bb9b266666c3a12a0547a88a6103a32d0b,TM,150,True,1,4815
4487d3bb9b266666c3a12a0547a88a6103a32d0b,TM,150,False,0,4465
4487d3bb9b266666c3a12a0547a88a6103a32d0b,TM,75,True,1,3835
4487d3bb9b266666c3a12a0547a88a6103a32d0b,TM,75,False,0,5518
4487d3bb9b266666c3a12a0547a88a6103a32d0b,TM,300,False,0,5634
4487d3bb9b266666c3a12a0547a88a6103a32d0b,TM,75,True,1,2747
4487d3bb9b266666c3a12a0547a88a6103a32d0b,TM,150,True,1,2415
4487d3bb9b266666c3a12a0547a88a6103a32d0b,TM,300,False,0,2649
4487d3bb9b266666c3a12a0547a88a6103a32d0b,TM,75,False,0,3816
4487d3bb9b266666c3a12a0547a88a6103a32d0b,TM,150,False,0,2899
4487d3bb9b266666c3a12a0547a88a6103a32d0b,TM,150,False,0,4756
4487d3bb9b266666c3a12a0547a88a6103a32d0b,TM,300,False,0,2370
4487d3bb9b266666c3a12a0547a88a6103a32d0b,TM,300,True,1,2079
4487d3bb9b266666c3a12a0547a88a6103a32d0b,TM,300,False,0,3232
4487d3bb9b266666c3a12a0547a88a6103a32d0b,TM,75,False,0,2997
4487d3bb9b266666c3a12a0547a88a6103a32d0b,TM,300,False,0,2670
4487d3bb9b266666c3a12a0547a88a6103a32d0b,TM,150,True,1,2897
4487d3bb9b266666c3a12a0547a88a6103a32d0b,TM,75,True,1,4248
4487d3bb9b266666c3a12a0547a88a6103a32d0b,TM,300,True,1,6179
4487d3bb9b266666c3a12a0547a88a6103a32d0b,TM,150,False,0,3052
4487d3bb9b266666c3a12a0547a88a6103a32d0b,TM,150,False,0,4002
4487d3bb9b266666c3a12a0547a88a6103a32d0b,TM,300,True,1,2394
4487d3bb9b266666c3a12a0547a88a6103a32d0b,TM,75,True,1,2500
4487d3bb9b266666c3a12a0547a88a6103a32d0b,TM,75,True,1,2052
4487d3bb9b266666c3a12a0547a88a6103a32d0b,TM,150,True,1,2009
4487d3bb9b266666c3a12a0547a88a6103a32d0b,TM,300,False,0,4352
6253b5263f0f1b2aeeac4531da930d22de1d3dc4,WB,300,True,1,7655
6253b5263f0f1b2aeeac4531da930d22de1d3dc4,WB,75,True,1,2842
6253b5263f0f1b2aeeac4531da930d22de1d3dc4,WB,300,True,1,3240
6253b5263f0f1b2aeeac4531da930d22de1d3dc4,WB,75,False,0,3215
6253b5263f0f1b2aeeac4531da930d22de1d3dc4,WB,150,True,1,3978
6253b5263f0f1b2aeeac4531da930d22de1d3dc4,WB,150,True,1,2566
6253b5263f0f1b2aeeac4531da930d22de1d3dc4,WB,75,False,0,2327
6253b5263f0f1b2aeeac4531da930d22de1d3dc4,WB,75,True,1,3451
6253b5263f0f1b2aeeac4531da930d22de1d3dc4,WB,150,True,1,3451
6253b5263f0f1b2aeeac4531da930d22de1d3dc4,WB,75,True,1,1947
6253b5263f0f1b2aeeac4531da930d22de1d3dc4,WB,150,True,1,3616
6253b5263f0f1b2aeeac4531da930d22de1d3dc4,WB,300,False,0,3142
6253b5263f0f1b2aeeac4531da930d22de1d3dc4,WB,150,Undecided,0,3582
6253b5263f0f1b2aeeac4531da930d22de1d3dc4,WB,300,True,1,3245
6253b5263f0f1b2aeeac4531da930d22de1d3dc4,WB,300,True,1,2532
6253b5263f0f1b2aeeac4531da930d22de1d3dc4,WB,150,True,1,1947
6253b5263f0f1b2aeeac4531da930d22de1d3dc4,WB,150,False,0,2432
6253b5263f0f1b2aeeac4531da930d22de1d3dc4,WB,150,True,1,2473
6253b5263f0f1b2aeeac4531da930d22de1d3dc4,WB,300,True,1,1930
6253b5263f0f1b2aeeac4531da930d22de1d3dc4,WB,300,True,1,3010
6253b5263f0f1b2aeeac4531da930d22de1d3dc4,WB,75,True,1,2406
6253b5263f0f1b2aeeac4531da930d22de1d3dc4,WB,150,True,1,2750
6253b5263f0f1b2aeeac4531da930d22de1d3dc4,WB,75,True,1,1641
6253b5263f0f1b2aeeac4531da930d22de1d3dc4,WB,75,True,1,3490
6253b5263f0f1b2aeeac4531da930d22de1d3dc4,WB,300,True,1,2932
6253b5263f0f1b2aeeac4531da930d22de1d3dc4,WB,300,True,1,4027
6253b5263f0f1b2aeeac4531da930d22de1d3dc4,WB,75,True,1,2406
e2558802981c0b96924ce7fff0dd35bca084c796,PB,300,True,1,5762
e2558802981c0b96924ce7fff0dd35bca084c796,PB,150,True,1,4873
e2558802981c0b96924ce7fff0dd35bca084c796,PB,300,True,1,5353
e2558802981c0b96924ce7fff0dd35bca084c796,PB,75,False,0,6906
e2558802981c0b96924ce7fff0dd35bca084c796,PB,150,True,1,3150
e2558802981c0b96924ce7fff0dd35bca084c796,PB,150,True,1,2613
e2558802981c0b96924ce7fff0dd35bca084c796,PB,150,False,0,4694
e2558802981c0b96924ce7fff0dd35bca084c796,PB,75,True,1,3984
e2558802981c0b96924ce7fff0dd35bca084c796,PB,75,True,1,3602
e2558802981c0b96924ce7fff0dd35bca084c796,PB,150,True,1,4457
e2558802981c0b96924ce7fff0dd35bca084c796,PB,150,False,0,4347
e2558802981c0b96924ce7fff0dd35bca084c796,PB,150,True,1,5482
e2558802981c0b96924ce7fff0dd35bca084c796,PB,150,True,1,2088
e2558802981c0b96924ce7fff0dd35bca084c796,PB,300,True,1,4038
e2558802981c0b96924ce7fff0dd35bca084c796,PB,75,True,1,4232
e2558802981c0b96924ce7fff0dd35bca084c796,PB,75,True,1,2528
e2558802981c0b96924ce7fff0dd35bca084c796,PB,300,True,1,1955
e2558802981c0b96924ce7fff0dd35bca084c796,PB,300,Undecided,0,3474
e2558802981c0b96924ce7fff0dd35bca084c796,PB,75,True,1,2484
e2558802981c0b96924ce7fff0dd35bca084c796,PB,150,True,1,1832
e2558802981c0b96924ce7fff0dd35bca084c796,PB,75,False,0,2795
e2558802981c0b96924ce7fff0dd35bca084c796,PB,75,True,1,2049
e2558802981c0b96924ce7fff0dd35bca084c796,PB,300,False,0,2786
e2558802981c0b96924ce7fff0dd35bca084c796,PB,75,True,1,2202
e2558802981c0b96924ce7fff0dd35bca084c796,PB,300,False,0,2906
e2558802981c0b96924ce7fff0dd35bca084c796,PB,300,True,1,4410
e2558802981c0b96924ce7fff0dd35bca084c796,PB,300,False,0,8465
95adbc92b1eabec396ba666746f59f0a78cf14eb,PB,300,False,0,5832
95adbc92b1eabec396ba666746f59f0a78cf14eb,PB,300,True,1,2670
95adbc92b1eabec396ba666746f59f0a78cf14eb,PB,75,True,1,2701
95adbc92b1eabec396ba666746f59f0a78cf14eb,PB,300,True,1,2369
95adbc92b1eabec396ba666746f59f0a78cf14eb,PB,300,True,1,3300
95adbc92b1eabec396ba666746f59f0a78cf14eb,PB,300,True,1,4398
95adbc92b1eabec396ba666746f59f0a78cf14eb,PB,75,True,1,2966
95adbc92b1eabec396ba666746f59f0a78cf14eb,PB,150,True,1,2659
95adbc92b1eabec396ba666746f59f0a78cf14eb,PB,150,True,1,2219
95adbc92b1eabec396ba666746f59f0a78cf14eb,PB,300,True,1,3050
95adbc92b1eabec396ba666746f59f0a78cf14eb,PB,75,True,1,3822
95adbc92b1eabec396ba666746f59f0a78cf14eb,PB,300,False,0,2633
95adbc92b1eabec396ba666746f59f0a78cf14eb,PB,300,Undecided,0,3798
95adbc92b1eabec396ba666746f59f0a78cf14eb,PB,300,True,1,2805
95adbc92b1eabec396ba666746f59f0a78cf14eb,PB,150,True,1,2884
95adbc92b1eabec396ba666746f59f0a78cf14eb,PB,75,True,1,2274
95adbc92b1eabec396ba666746f59f0a78cf14eb,PB,75,False,0,2148
95adbc92b1eabec396ba666746f59f0a78cf14eb,PB,75,False,0,1959
95adbc92b1eabec396ba666746f59f0a78cf14eb,PB,150,False,0,2501
95adbc92b1eabec396ba666746f59f0a78cf14eb,PB,75,True,1,3372
95adbc92b1eabec396ba666746f59f0a78cf14eb,PB,75,True,1,1958
95adbc92b1eabec396ba666746f59f0a78cf14eb,PB,75,True,1,2121
95adbc92b1eabec396ba666746f59f0a78cf14eb,PB,150,True,1,2186
95adbc92b1eabec396ba666746f59f0a78cf14eb,PB,150,True,1,4512
95adbc92b1eabec396ba666746f59f0a78cf14eb,PB,150,True,1,2365
95adbc92b1eabec396ba666746f59f0a78cf14eb,PB,150,False,0,2764
95adbc92b1eabec396ba666746f59f0a78cf14eb,PB,150,True,1,2317
31cb8b028c93a0c2f385a4792aa350f569058dc9,WB,150,True,1,5005
31cb8b028c93a0c2f385a4792aa350f569058dc9,WB,300,True,1,2690
31cb8b028c93a0c2f385a4792aa350f569058dc9,WB,300,True,1,2520
31cb8b028c93a0c2f385a4792aa350f569058dc9,WB,75,False,0,9572
31cb8b028c93a0c2f385a4792aa350f569058dc9,WB,150,True,1,7389
31cb8b028c93a0c2f385a4792aa350f569058dc9,WB,150,False,0,5755
31cb8b028c93a0c2f385a4792aa350f569058dc9,WB,150,True,1,3035
31cb8b028c93a0c2f385a4792aa350f569058dc9,WB,300,True,1,2350
31cb8b028c93a0c2f385a4792aa350f569058dc9,WB,150,True,1,6266
31cb8b028c93a0c2f385a4792aa350f569058dc9,WB,150,False,0,7850
31cb8b028c93a0c2f385a4792aa350f569058dc9,WB,75,True,1,6636
31cb8b028c93a0c2f385a4792aa350f569058dc9,WB,300,False,0,2049
31cb8b028c93a0c2f385a4792aa350f569058dc9,WB,75,True,1,2183
31cb8b028c93a0c2f385a4792aa350f569058dc9,WB,75,True,1,2153
31cb8b028c93a0c2f385a4792aa350f569058dc9,WB,75,False,0,2322
31cb8b028c93a0c2f385a4792aa350f569058dc9,WB,300,False,0,3283
31cb8b028c93a0c2f385a4792aa350f569058dc9,WB,75,True,1,1965
31cb8b028c93a0c2f385a4792aa350f569058dc9,WB,150,True,1,1630
31cb8b028c93a0c2f385a4792aa350f569058dc9,WB,75,True,1,3559
31cb8b028c93a0c2f385a4792aa350f569058dc9,WB,300,True,1,2234
31cb8b028c93a0c2f385a4792aa350f569058dc9,WB,150,True,1,1650
31cb8b028c93a0c2f385a4792aa350f569058dc9,WB,75,True,1,2093
31cb8b028c93a0c2f385a4792aa350f569058dc9,WB,150,True,1,1727
31cb8b028c93a0c2f385a4792aa350f569058dc9,WB,300,False,0,2101
31cb8b028c93a0c2f385a4792aa350f569058dc9,WB,75,True,1,2580
31cb8b028c93a0c2f385a4792aa350f569058dc9,WB,300,True,1,5033
31cb8b028c93a0c2f385a4792aa350f569058dc9,WB,300,True,1,1609
35792c1b411d1bdb83253d3ce7163e1408cd4123,TM,150,True,1,7543
35792c1b411d1bdb83253d3ce7163e1408cd4123,TM,75,True,1,2472
35792c1b411d1bdb83253d3ce7163e1408cd4123,TM,150,True,1,5630
35792c1b411d1bdb83253d3ce7163e1408cd4123,TM,75,True,1,2161
35792c1b411d1bdb83253d3ce7163e1408cd4123,TM,300,True,1,3296
35792c1b411d1bdb83253d3ce7163e1408cd4123,TM,300,True,1,3922
35792c1b411d1bdb83253d3ce7163e1408cd4123,TM,150,True,1,2714
35792c1b411d1bdb83253d3ce7163e1408cd4123,TM,150,True,1,18492
35792c1b411d1bdb83253d3ce7163e1408cd4123,TM,75,False,0,2062
35792c1b411d1bdb83253d3ce7163e1408cd4123,TM,300,True,1,2888
35792c1b411d1bdb83253d3ce7163e1408cd4123,TM,150,True,1,3103
35792c1b411d1bdb83253d3ce7163e1408cd4123,TM,300,False,0,7464
35792c1b411d1bdb83253d3ce7163e1408cd4123,TM,75,True,1,2533
35792c1b411d1bdb83253d3ce7163e1408cd4123,TM,75,False,0,1767
35792c1b411d1bdb83253d3ce7163e1408cd4123,TM,75,True,1,1979
35792c1b411d1bdb83253d3ce7163e1408cd4123,TM,150,True,1,1826
35792c1b411d1bdb83253d3ce7163e1408cd4123,TM,300,False,0,3765
35792c1b411d1bdb83253d3ce7163e1408cd4123,TM,75,True,1,2043
35792c1b411d1bdb83253d3ce7163e1408cd4123,TM,150,True,1,2639
35792c1b411d1bdb83253d3ce7163e1408cd4123,TM,300,False,0,3938
35792c1b411d1bdb83253d3ce7163e1408cd4123,TM,300,True,1,2220
35792c1b411d1bdb83253d3ce7163e1408cd4123,TM,300,True,1,2242
35792c1b411d1bdb83253d3ce7163e1408cd4123,TM,300,True,1,4123
35792c1b411d1bdb83253d3ce7163e1408cd4123,TM,75,True,1,2038
35792c1b411d1bdb83253d3ce7163e1408cd4123,TM,75,True,1,2183
35792c1b411d1bdb83253d3ce7163e1408cd4123,TM,150,False,0,2683
35792c1b411d1bdb83253d3ce7163e1408cd4123,TM,150,False,0,4303
8053675ac7f9ab32ee889a095484db9dba295828,TM,75,False,0,6041
8053675ac7f9ab32ee889a095484db9dba295828,TM,75,False,0,8377
8053675ac7f9ab32ee889a095484db9dba295828,TM,75,True,1,5462
8053675ac7f9ab32ee889a095484db9dba295828,TM,300,False,0,4568
8053675ac7f9ab32ee889a095484db9dba295828,TM,300,False,0,6211
8053675ac7f9ab32ee889a095484db9dba295828,TM,150,False,0,6263
8053675ac7f9ab32ee889a095484db9dba295828,TM,300,True,1,6436
8053675ac7f9ab32ee889a095484db9dba295828,TM,75,False,0,4512
8053675ac7f9ab32ee889a095484db9dba295828,TM,300,False,0,4615
8053675ac7f9ab32ee889a095484db9dba295828,TM,150,False,0,4746
8053675ac7f9ab32ee889a095484db9dba295828,TM,75,True,1,4833
8053675ac7f9ab32ee889a095484db9dba295828,TM,300,False,0,4127
8053675ac7f9ab32ee889a095484db9dba295828,TM,150,True,1,4712
8053675ac7f9ab32ee889a095484db9dba295828,TM,300,True,1,5816
8053675ac7f9ab32ee889a095484db9dba295828,TM,150,False,0,3349
8053675ac7f9ab32ee889a095484db9dba295828,TM,150,True,1,7459
8053675ac7f9ab32ee889a095484db9dba295828,TM,150,False,0,4369
8053675ac7f9ab32ee889a095484db9dba295828,TM,150,False,0,5331
8053675ac7f9ab32ee889a095484db9dba295828,TM,150,True,1,3507
8053675ac7f9ab32ee889a095484db9dba295828,TM,300,True,1,3568
8053675ac7f9ab32ee889a095484db9dba295828,TM,150,True,1,4535
8053675ac7f9ab32ee889a095484db9dba295828,TM,75,True,1,3921
8053675ac7f9ab32ee889a095484db9dba295828,TM,75,True,1,4822
8053675ac7f9ab32ee889a095484db9dba295828,TM,75,True,1,6703
8053675ac7f9ab32ee889a095484db9dba295828,TM,300,True,1,4090
8053675ac7f9ab32ee889a095484db9dba295828,TM,75,False,0,4312
8053675ac7f9ab32ee889a095484db9dba295828,TM,300,False,0,3224
3f169b10863fa5d25d9626273fb9dfa9f92bc422,WB,150,True,1,11764
3f169b10863fa5d25d9626273fb9dfa9f92bc422,WB,150,True,1,5003
3f169b10863fa5d25d9626273fb9dfa9f92bc422,WB,150,True,1,4925
3f169b10863fa5d25d9626273fb9dfa9f92bc422,WB,75,True,1,2527
3f169b10863fa5d25d9626273fb9dfa9f92bc422,WB,300,True,1,13777
3f169b10863fa5d25d9626273fb9dfa9f92bc422,WB,75,True,1,4846
3f169b10863fa5d25d9626273fb9dfa9f92bc422,WB,150,False,0,3008
3f169b10863fa5d25d9626273fb9dfa9f92bc422,WB,150,False,0,9205
3f169b10863fa5d25d9626273fb9dfa9f92bc422,WB,75,True,1,3483
3f169b10863fa5d25d9626273fb9dfa9f92bc422,WB,150,True,1,2846
3f169b10863fa5d25d9626273fb9dfa9f92bc422,WB,300,False,0,4409
3f169b10863fa5d25d9626273fb9dfa9f92bc422,WB,300,True,1,6401
3f169b10863fa5d25d9626273fb9dfa9f92bc422,WB,75,True,1,3337
3f169b10863fa5d25d9626273fb9dfa9f92bc422,WB,75,True,1,3833
3f169b10863fa5d25d9626273fb9dfa9f92bc422,WB,75,False,0,3002
3f169b10863fa5d25d9626273fb9dfa9f92bc422,WB,75,True,1,3745
3f169b10863fa5d25d9626273fb9dfa9f92bc422,WB,300,True,1,3967
3f169b10863fa5d25d9626273fb9dfa9f92bc422,WB,150,True,1,2708
3f169b10863fa5d25d9626273fb9dfa9f92bc422,WB,300,True,1,2734
3f169b10863fa5d25d9626273fb9dfa9f92bc422,WB,300,True,1,3725
3f169b10863fa5d25d9626273fb9dfa9f92bc422,WB,150,True,1,3874
3f169b10863fa5d25d9626273fb9dfa9f92bc422,WB,300,True,1,2495
3f169b10863fa5d25d9626273fb9dfa9f92bc422,WB,300,True,1,3613
3f169b10863fa5d25d9626273fb9dfa9f92bc422,WB,150,True,1,2714
3f169b10863fa5d25d9626273fb9dfa9f92bc422,WB,300,False,0,2676
3f169b10863fa5d25d9626273fb9dfa9f92bc422,WB,75,False,0,3795
3f169b10863fa5d25d9626273fb9dfa9f92bc422,WB,75,True,1,2754
7b3fbc5c33d4d05d24b24a786ddcbee5ebbdcda6,TM,300,False,0,8154
7b3fbc5c33d4d05d24b24a786ddcbee5ebbdcda6,TM,150,False,0,3126
7b3fbc5c33d4d05d24b24a786ddcbee5ebbdcda6,TM,75,False,0,3922
7b3fbc5c33d4d05d24b24a786ddcbee5ebbdcda6,TM,75,True,1,3234
7b3fbc5c33d4d05d24b24a786ddcbee5ebbdcda6,TM,150,False,0,2140
7b3fbc5c33d4d05d24b24a786ddcbee5ebbdcda6,TM,150,Undecided,0,4734
7b3fbc5c33d4d05d24b24a786ddcbee5ebbdcda6,TM,300,False,0,2856
7b3fbc5c33d4d05d24b24a786ddcbee5ebbdcda6,TM,75,Undecided,0,3472
7b3fbc5c33d4d05d24b24a786ddcbee5ebbdcda6,TM,75,True,1,4393
7b3fbc5c33d4d05d24b24a786ddcbee5ebbdcda6,TM,75,Undecided,0,9305
7b3fbc5c33d4d05d24b24a786ddcbee5ebbdcda6,TM,300,True,1,4410
7b3fbc5c33d4d05d24b24a786ddcbee5ebbdcda6,TM,300,False,0,4817
7b3fbc5c33d4d05d24b24a786ddcbee5ebbdcda6,TM,300,False,0,2724
7b3fbc5c33d4d05d24b24a786ddcbee5ebbdcda6,TM,300,Undecided,0,6840
7b3fbc5c33d4d05d24b24a786ddcbee5ebbdcda6,TM,300,Undecided,0,2870
7b3fbc5c33d4d05d24b24a786ddcbee5ebbdcda6,TM,150,False,0,5956
7b3fbc5c33d4d05d24b24a786ddcbee5ebbdcda6,TM,75,False,0,2445
7b3fbc5c33d4d05d24b24a786ddcbee5ebbdcda6,TM,150,Undecided,0,3505
7b3fbc5c33d4d05d24b24a786ddcbee5ebbdcda6,TM,150,True,1,4375
7b3fbc5c33d4d05d24b24a786ddcbee5ebbdcda6,TM,150,Undecided,0,2356
7b3fbc5c33d4d05d24b24a786ddcbee5ebbdcda6,TM,75,False,0,3094
7b3fbc5c33d4d05d24b24a786ddcbee5ebbdcda6,TM,150,False,0,2137
7b3fbc5c33d4d05d24b24a786ddcbee5ebbdcda6,TM,75,Undecided,0,2613
7b3fbc5c33d4d05d24b24a786ddcbee5ebbdcda6,TM,300,False,0,2048
7b3fbc5c33d4d05d24b24a786ddcbee5ebbdcda6,TM,150,True,1,4259
7b3fbc5c33d4d05d24b24a786ddcbee5ebbdcda6,TM,75,False,0,2615
7b3fbc5c33d4d05d24b24a786ddcbee5ebbdcda6,TM,300,True,1,3026
5cbdc5b4f263966dbbf9ed865393f6195af45113,TM,75,False,0,8516
5cbdc5b4f263966dbbf9ed865393f6195af45113,TM,150,True,1,6287
5cbdc5b4f263966dbbf9ed865393f6195af45113,TM,300,True,1,6994
5cbdc5b4f263966dbbf9ed865393f6195af45113,TM,150,False,0,10925
5cbdc5b4f263966dbbf9ed865393f6195af45113,TM,75,False,0,4758
5cbdc5b4f263966dbbf9ed865393f6195af45113,TM,75,False,0,13671
5cbdc5b4f263966dbbf9ed865393f6195af45113,TM,300,True,1,3777
5cbdc5b4f263966dbbf9ed865393f6195af45113,TM,300,True,1,9793
5cbdc5b4f263966dbbf9ed865393f6195af45113,TM,75,True,1,2842
5cbdc5b4f263966dbbf9ed865393f6195af45113,TM,150,False,0,7923
5cbdc5b4f263966dbbf9ed865393f6195af45113,TM,300,True,1,7137
5cbdc5b4f263966dbbf9ed865393f6195af45113,TM,75,False,0,4123
5cbdc5b4f263966dbbf9ed865393f6195af45113,TM,150,True,1,2901
5cbdc5b4f263966dbbf9ed865393f6195af45113,TM,150,False,0,5425
5cbdc5b4f263966dbbf9ed865393f6195af45113,TM,75,False,0,4962
5cbdc5b4f263966dbbf9ed865393f6195af45113,TM,75,False,0,4988
5cbdc5b4f263966dbbf9ed865393f6195af45113,TM,150,True,1,12619
5cbdc5b4f263966dbbf9ed865393f6195af45113,TM,300,False,0,8852
5cbdc5b4f263966dbbf9ed865393f6195af45113,TM,300,False,0,8011
5cbdc5b4f263966dbbf9ed865393f6195af45113,TM,300,True,1,7822
5cbdc5b4f263966dbbf9ed865393f6195af45113,TM,150,True,1,7309
5cbdc5b4f263966dbbf9ed865393f6195af45113,TM,300,False,0,6857
5cbdc5b4f263966dbbf9ed865393f6195af45113,TM,75,False,0,6470
5cbdc5b4f263966dbbf9ed865393f6195af45113,TM,300,False,0,4000
5cbdc5b4f263966dbbf9ed865393f6195af45113,TM,75,True,1,3458
5cbdc5b4f263966dbbf9ed865393f6195af45113,TM,150,False,0,4807
5cbdc5b4f263966dbbf9ed865393f6195af45113,TM,150,True,1,10573
fb622254025b58323092eeb8a1318ad2f998b717,PB,300,False,0,2969
fb622254025b58323092eeb8a1318ad2f998b717,PB,150,True,1,2363
fb622254025b58323092eeb8a1318ad2f998b717,PB,150,True,1,2535
fb622254025b58323092eeb8a1318ad2f998b717,PB,75,False,0,3066
fb622254025b58323092eeb8a1318ad2f998b717,PB,300,True,1,2010
fb622254025b58323092eeb8a1318ad2f998b717,PB,75,Undecided,0,1893
fb622254025b58323092eeb8a1318ad2f998b717,PB,75,False,0,1355
fb622254025b58323092eeb8a1318ad2f998b717,PB,150,False,0,2207
fb622254025b58323092eeb8a1318ad2f998b717,PB,150,True,1,1654
fb622254025b58323092eeb8a1318ad2f998b717,PB,75,Undecided,0,1261
fb622254025b58323092eeb8a1318ad2f998b717,PB,75,False,0,980
fb622254025b58323092eeb8a1318ad2f998b717,PB,75,False,0,939
fb622254025b58323092eeb8a1318ad2f998b717,PB,300,Undecided,0,1601
fb622254025b58323092eeb8a1318ad2f998b717,PB,300,True,1,1498
fb622254025b58323092eeb8a1318ad2f998b717,PB,150,Undecided,0,1339
fb622254025b58323092eeb8a1318ad2f998b717,PB,300,False,0,915
fb622254025b58323092eeb8a1318ad2f998b717,PB,150,False,0,1253
fb622254025b58323092eeb8a1318ad2f998b717,PB,300,False,0,1309
fb622254025b58323092eeb8a1318ad2f998b717,PB,75,False,0,1405
fb622254025b58323092eeb8a1318ad2f998b717,PB,150,False,0,1091
fb622254025b58323092eeb8a1318ad2f998b717,PB,75,False,0,1101
fb622254025b58323092eeb8a1318ad2f998b717,PB,300,True,1,15871
fb622254025b58323092eeb8a1318ad2f998b717,PB,150,Undecided,0,1099
fb622254025b58323092eeb8a1318ad2f998b717,PB,300,True,1,802
fb622254025b58323092eeb8a1318ad2f998b717,PB,75,Undecided,0,816
fb622254025b58323092eeb8a1318ad2f998b717,PB,300,False,0,1031
fb622254025b58323092eeb8a1318ad2f998b717,PB,150,False,0,756
9446f97c838e836e5fcaae991f4a677ff760bdaf,TM,75,False,0,5351
9446f97c838e836e5fcaae991f4a677ff760bdaf,TM,300,False,0,4509
9446f97c838e836e5fcaae991f4a677ff760bdaf,TM,75,True,1,5576
9446f97c838e836e5fcaae991f4a677ff760bdaf,TM,300,False,0,2285
9446f97c838e836e5fcaae991f4a677ff760bdaf,TM,300,False,0,4140
9446f97c838e836e5fcaae991f4a677ff760bdaf,TM,150,True,1,3581
9446f97c838e836e5fcaae991f4a677ff760bdaf,TM,300,True,1,3559
9446f97c838e836e5fcaae991f4a677ff760bdaf,TM,150,True,1,2601
9446f97c838e836e5fcaae991f4a677ff760bdaf,TM,75,False,0,4196
9446f97c838e836e5fcaae991f4a677ff760bdaf,TM,150,False,0,5721
9446f97c838e836e5fcaae991f4a677ff760bdaf,TM,300,False,0,8320
9446f97c838e836e5fcaae991f4a677ff760bdaf,TM,75,True,1,1605
9446f97c838e836e5fcaae991f4a677ff760bdaf,TM,150,False,0,3018
9446f97c838e836e5fcaae991f4a677ff760bdaf,TM,75,True,1,2447
9446f97c838e836e5fcaae991f4a677ff760bdaf,TM,150,True,1,2498
9446f97c838e836e5fcaae991f4a677ff760bdaf,TM,300,False,0,2557
9446f97c838e836e5fcaae991f4a677ff760bdaf,TM,75,True,1,4862
9446f97c838e836e5fcaae991f4a677ff760bdaf,TM,300,False,0,4490
9446f97c838e836e5fcaae991f4a677ff760bdaf,TM,150,True,1,2761
9446f97c838e836e5fcaae991f4a677ff760bdaf,TM,150,False,0,1623
9446f97c838e836e5fcaae991f4a677ff760bdaf,TM,150,False,0,22783
9446f97c838e836e5fcaae991f4a677ff760bdaf,TM,75,True,1,3070
9446f97c838e836e5fcaae991f4a677ff760bdaf,TM,75,False,0,3059
9446f97c838e836e5fcaae991f4a677ff760bdaf,TM,150,True,1,1801
9446f97c838e836e5fcaae991f4a677ff760bdaf,TM,300,True,1,1847
9446f97c838e836e5fcaae991f4a677ff760bdaf,TM,300,True,1,2800
9446f97c838e836e5fcaae991f4a677ff760bdaf,TM,75,True,1,8259
dd0f67aef2f1a610bc033ad1d29700adb82cc2bc,TM,150,False,0,4921
dd0f67aef2f1a610bc033ad1d29700adb82cc2bc,TM,75,True,1,2425
dd0f67aef2f1a610bc033ad1d29700adb82cc2bc,TM,300,False,0,3152
dd0f67aef2f1a610bc033ad1d29700adb82cc2bc,TM,150,True,1,2701
dd0f67aef2f1a610bc033ad1d29700adb82cc2bc,TM,300,True,1,2983
dd0f67aef2f1a610bc033ad1d29700adb82cc2bc,TM,150,False,0,3863
dd0f67aef2f1a610bc033ad1d29700adb82cc2bc,TM,75,True,1,3823
dd0f67aef2f1a610bc033ad1d29700adb82cc2bc,TM,300,True,1,2840
dd0f67aef2f1a610bc033ad1d29700adb82cc2bc,TM,150,False,0,2725
dd0f67aef2f1a610bc033ad1d29700adb82cc2bc,TM,75,True,1,3300
dd0f67aef2f1a610bc033ad1d29700adb82cc2bc,TM,75,True,1,4755
dd0f67aef2f1a610bc033ad1d29700adb82cc2bc,TM,75,True,1,4055
dd0f67aef2f1a610bc033ad1d29700adb82cc2bc,TM,300,False,0,2449
dd0f67aef2f1a610bc033ad1d29700adb82cc2bc,TM,150,True,1,7521
dd0f67aef2f1a610bc033ad1d29700adb82cc2bc,TM,75,True,1,1743
dd0f67aef2f1a610bc033ad1d29700adb82cc2bc,TM,300,False,0,2014
dd0f67aef2f1a610bc033ad1d29700adb82cc2bc,TM,300,True,1,2327
dd0f67aef2f1a610bc033ad1d29700adb82cc2bc,TM,300,False,0,3191
dd0f67aef2f1a610bc033ad1d29700adb82cc2bc,TM,75,False,0,4103
dd0f67aef2f1a610bc033ad1d29700adb82cc2bc,TM,150,True,1,2981
dd0f67aef2f1a610bc033ad1d29700adb82cc2bc,TM,150,False,0,1842
dd0f67aef2f1a610bc033ad1d29700adb82cc2bc,TM,300,True,1,3361
dd0f67aef2f1a610bc033ad1d29700adb82cc2bc,TM,75,True,1,2508
dd0f67aef2f1a610bc033ad1d29700adb82cc2bc,TM,150,False,0,4662
dd0f67aef2f1a610bc033ad1d29700adb82cc2bc,TM,75,True,1,2029
dd0f67aef2f1a610bc033ad1d29700adb82cc2bc,TM,150,False,0,2934
dd0f67aef2f1a610bc033ad1d29700adb82cc2bc,TM,300,False,0,2890
b7f4681352d3f22aa16a5d5b0703c8113f3d0359,PB,75,False,0,4256
b7f4681352d3f22aa16a5d5b0703c8113f3d0359,PB,150,True,1,3825
b7f4681352d3f22aa16a5d5b0703c8113f3d0359,PB,300,True,1,3715
b7f4681352d3f22aa16a5d5b0703c8113f3d0359,PB,150,True,1,3751
b7f4681352d3f22aa16a5d5b0703c8113f3d0359,PB,75,False,0,2972
b7f4681352d3f22aa16a5d5b0703c8113f3d0359,PB,150,True,1,3179
b7f4681352d3f22aa16a5d5b0703c8113f3d0359,PB,150,True,1,2481
b7f4681352d3f22aa16a5d5b0703c8113f3d0359,PB,300,False,0,3129
b7f4681352d3f22aa16a5d5b0703c8113f3d0359,PB,150,Undecided,0,2643
b7f4681352d3f22aa16a5d5b0703c8113f3d0359,PB,75,True,1,2477
b7f4681352d3f22aa16a5d5b0703c8113f3d0359,PB,150,False,0,3750
b7f4681352d3f22aa16a5d5b0703c8113f3d0359,PB,300,True,1,3084
b7f4681352d3f22aa16a5d5b0703c8113f3d0359,PB,300,True,1,2270
b7f4681352d3f22aa16a5d5b0703c8113f3d0359,PB,300,True,1,1916
b7f4681352d3f22aa16a5d5b0703c8113f3d0359,PB,75,True,1,2990
b7f4681352d3f22aa16a5d5b0703c8113f3d0359,PB,75,True,1,1889
b7f4681352d3f22aa16a5d5b0703c8113f3d0359,PB,75,True,1,2257
b7f4681352d3f22aa16a5d5b0703c8113f3d0359,PB,300,Undecided,0,2296
b7f4681352d3f22aa16a5d5b0703c8113f3d0359,PB,300,False,0,1541
b7f4681352d3f22aa16a5d5b0703c8113f3d0359,PB,75,True,1,3038
b7f4681352d3f22aa16a5d5b0703c8113f3d0359,PB,75,True,1,2623
b7f4681352d3f22aa16a5d5b0703c8113f3d0359,PB,300,False,0,1957
b7f4681352d3f22aa16a5d5b0703c8113f3d0359,PB,150,False,0,1738
b7f4681352d3f22aa16a5d5b0703c8113f3d0359,PB,75,True,1,1953
b7f4681352d3f22aa16a5d5b0703c8113f3d0359,PB,300,False,0,2120
b7f4681352d3f22aa16a5d5b0703c8113f3d0359,PB,150,True,1,1883
b7f4681352d3f22aa16a5d5b0703c8113f3d0359,PB,150,False,0,1677
b4334742a9084f6d6bb28f334dec5865fdd46e14,WB,300,False,0,11781
b4334742a9084f6d6bb28f334dec5865fdd46e14,WB,75,True,1,12717
b4334742a9084f6d6bb28f334dec5865fdd46e14,WB,300,True,1,13123
b4334742a9084f6d6bb28f334dec5865fdd46e14,WB,150,True,1,7910
b4334742a9084f6d6bb28f334dec5865fdd46e14,WB,300,True,1,8804
b4334742a9084f6d6bb28f334dec5865fdd46e14,WB,300,False,0,6967
b4334742a9084f6d6bb28f334dec5865fdd46e14,WB,150,False,0,10683
b4334742a9084f6d6bb28f334dec5865fdd46e14,WB,75,False,0,14183
b4334742a9084f6d6bb28f334dec5865fdd46e14,WB,300,False,0,6185
b4334742a9084f6d6bb28f334dec5865fdd46e14,WB,150,True,1,11783
b4334742a9084f6d6bb28f334dec5865fdd46e14,WB,150,True,1,12272
b4334742a9084f6d6bb28f334dec5865fdd46e14,WB,75,Undecided,0,13689
b4334742a9084f6d6bb28f334dec5865fdd46e14,WB,75,False,0,10425
b4334742a9084f6d6bb28f334dec5865fdd46e14,WB,75,False,0,9866
b4334742a9084f6d6bb28f334dec5865fdd46e14,WB,300,True,1,8160
b4334742a9084f6d6bb28f334dec5865fdd46e14,WB,75,True,1,6621
b4334742a9084f6d6bb28f334dec5865fdd46e14,WB,150,True,1,6452
b4334742a9084f6d6bb28f334dec5865fdd46e14,WB,150,False,0,4061
b4334742a9084f6d6bb28f334dec5865fdd46e14,WB,300,False,0,9915
b4334742a9084f6d6bb28f334dec5865fdd46e14,WB,150,False,0,7002
b4334742a9084f6d6bb28f334dec5865fdd46e14,WB,75,False,0,8322
b4334742a9084f6d6bb28f334dec5865fdd46e14,WB,300,False,0,9478
b4334742a9084f6d6bb28f334dec5865fdd46e14,WB,75,True,1,5070
b4334742a9084f6d6bb28f334dec5865fdd46e14,WB,150,True,1,6794
b4334742a9084f6d6bb28f334dec5865fdd46e14,WB,150,False,0,7933
b4334742a9084f6d6bb28f334dec5865fdd46e14,WB,75,True,1,5506
b4334742a9084f6d6bb28f334dec5865fdd46e14,WB,300,False,0,7678
deecd66eb5829e0e335381882648d59e4be13056,PB,150,True,1,2862
deecd66eb5829e0e335381882648d59e4be13056,PB,150,True,1,2508
deecd66eb5829e0e335381882648d59e4be13056,PB,75,True,1,4557
deecd66eb5829e0e335381882648d59e4be13056,PB,75,False,0,3421
deecd66eb5829e0e335381882648d59e4be13056,PB,300,True,1,2571
deecd66eb5829e0e335381882648d59e4be13056,PB,150,False,0,4346
deecd66eb5829e0e335381882648d59e4be13056,PB,300,True,1,2147
deecd66eb5829e0e335381882648d59e4be13056,PB,150,True,1,2369
deecd66eb5829e0e335381882648d59e4be13056,PB,300,False,0,2385
deecd66eb5829e0e335381882648d59e4be13056,PB,300,True,1,3454
deecd66eb5829e0e335381882648d59e4be13056,PB,150,False,0,5404
deecd66eb5829e0e335381882648d59e4be13056,PB,75,True,1,2308
deecd66eb5829e0e335381882648d59e4be13056,PB,300,True,1,4399
deecd66eb5829e0e335381882648d59e4be13056,PB,150,True,1,1906
deecd66eb5829e0e335381882648d59e4be13056,PB,300,True,1,2341
deecd66eb5829e0e335381882648d59e4be13056,PB,300,True,1,2110
deecd66eb5829e0e335381882648d59e4be13056,PB,75,True,1,3062
deecd66eb5829e0e335381882648d59e4be13056,PB,75,False,0,2417
deecd66eb5829e0e335381882648d59e4be13056,PB,300,True,1,1947
deecd66eb5829e0e335381882648d59e4be13056,PB,150,True,1,5917
deecd66eb5829e0e335381882648d59e4be13056,PB,150,True,1,1782
deecd66eb5829e0e335381882648d59e4be13056,PB,75,True,1,1938
deecd66eb5829e0e335381882648d59e4be13056,PB,75,True,1,2117
deecd66eb5829e0e335381882648d59e4be13056,PB,75,True,1,1722
deecd66eb5829e0e335381882648d59e4be13056,PB,150,True,1,1298
deecd66eb5829e0e335381882648d59e4be13056,PB,300,False,0,2128
deecd66eb5829e0e335381882648d59e4be13056,PB,75,True,1,1344
4c9502404778d7c4ca0a3f84eabd5c7741aa9dee,PB,75,True,1,9065
4c9502404778d7c4ca0a3f84eabd5c7741aa9dee,PB,300,False,0,7470
4c9502404778d7c4ca0a3f84eabd5c7741aa9dee,PB,300,False,0,7156
4c9502404778d7c4ca0a3f84eabd5c7741aa9dee,PB,300,False,0,5493
4c9502404778d7c4ca0a3f84eabd5c7741aa9dee,PB,75,False,0,8582
4c9502404778d7c4ca0a3f84eabd5c7741aa9dee,PB,75,False,0,5082
4c9502404778d7c4ca0a3f84eabd5c7741aa9dee,PB,150,True,1,5532
4c9502404778d7c4ca0a3f84eabd5c7741aa9dee,PB,75,True,1,8550
4c9502404778d7c4ca0a3f84eabd5c7741aa9dee,PB,75,True,1,3763
4c9502404778d7c4ca0a3f84eabd5c7741aa9dee,PB,150,True,1,9842
4c9502404778d7c4ca0a3f84eabd5c7741aa9dee,PB,75,False,0,7764
4c9502404778d7c4ca0a3f84eabd5c7741aa9dee,PB,300,True,1,6776
4c9502404778d7c4ca0a3f84eabd5c7741aa9dee,PB,75,True,1,10477
4c9502404778d7c4ca0a3f84eabd5c7741aa9dee,PB,75,True,1,6136
4c9502404778d7c4ca0a3f84eabd5c7741aa9dee,PB,150,True,1,6890
4c9502404778d7c4ca0a3f84eabd5c7741aa9dee,PB,300,False,0,5432
4c9502404778d7c4ca0a3f84eabd5c7741aa9dee,PB,75,False,0,7471
4c9502404778d7c4ca0a3f84eabd5c7741aa9dee,PB,150,True,1,11632
4c9502404778d7c4ca0a3f84eabd5c7741aa9dee,PB,150,False,0,9781
4c9502404778d7c4ca0a3f84eabd5c7741aa9dee,PB,150,Undecided,0,10605
4c9502404778d7c4ca0a3f84eabd5c7741aa9dee,PB,300,True,1,8607
4c9502404778d7c4ca0a3f84eabd5c7741aa9dee,PB,300,False,0,5222
4c9502404778d7c4ca0a3f84eabd5c7741aa9dee,PB,150,True,1,3326
4c9502404778d7c4ca0a3f84eabd5c7741aa9dee,PB,150,True,1,6867
4c9502404778d7c4ca0a3f84eabd5c7741aa9dee,PB,300,True,1,2625
4c9502404778d7c4ca0a3f84eabd5c7741aa9dee,PB,150,True,1,6209
4c9502404778d7c4ca0a3f84eabd5c7741aa9dee,PB,300,False,0,5475
2dfd065ce5481811cb45762c85846ea7a35c7db3,PB,75,True,1,3427
2dfd065ce5481811cb45762c85846ea7a35c7db3,PB,75,True,1,2461
2dfd065ce5481811cb45762c85846ea7a35c7db3,PB,150,True,1,4214
2dfd065ce5481811cb45762c85846ea7a35c7db3,PB,150,True,1,3508
2dfd065ce5481811cb45762c85846ea7a35c7db3,PB,300,True,1,2625
2dfd065ce5481811cb45762c85846ea7a35c7db3,PB,75,True,1,3018
2dfd065ce5481811cb45762c85846ea7a35c7db3,PB,150,True,1,2144
2dfd065ce5481811cb45762c85846ea7a35c7db3,PB,75,True,1,2206
2dfd065ce5481811cb45762c85846ea7a35c7db3,PB,75,True,1,2132
2dfd065ce5481811cb45762c85846ea7a35c7db3,PB,150,True,1,3353
2dfd065ce5481811cb45762c85846ea7a35c7db3,PB,75,True,1,2004
2dfd065ce5481811cb45762c85846ea7a35c7db3,PB,300,True,1,7277
2dfd065ce5481811cb45762c85846ea7a35c7db3,PB,300,False,0,4261
2dfd065ce5481811cb45762c85846ea7a35c7db3,PB,150,False,0,2712
2dfd065ce5481811cb45762c85846ea7a35c7db3,PB,150,True,1,1644
2dfd065ce5481811cb45762c85846ea7a35c7db3,PB,150,True,1,1884
2dfd065ce5481811cb45762c85846ea7a35c7db3,PB,300,True,1,2120
2dfd065ce5481811cb45762c85846ea7a35c7db3,PB,75,True,1,2147
2dfd065ce5481811cb45762c85846ea7a35c7db3,PB,150,True,1,3674
2dfd065ce5481811cb45762c85846ea7a35c7db3,PB,300,True,1,4298
2dfd065ce5481811cb45762c85846ea7a35c7db3,PB,75,False,0,5637
2dfd065ce5481811cb45762c85846ea7a35c7db3,PB,300,True,1,1831
2dfd065ce5481811cb45762c85846ea7a35c7db3,PB,300,True,1,3451
2dfd065ce5481811cb45762c85846ea7a35c7db3,PB,300,True,1,1818
2dfd065ce5481811cb45762c85846ea7a35c7db3,PB,150,False,0,1909
2dfd065ce5481811cb45762c85846ea7a35c7db3,PB,300,True,1,1518
2dfd065ce5481811cb45762c85846ea7a35c7db3,PB,75,False,0,1950
93ddbfff317fa2459efb83fb2041c25ba538eaea,WB,150,False,0,3413
93ddbfff317fa2459efb83fb2041c25ba538eaea,WB,150,True,1,3242
93ddbfff317fa2459efb83fb2041c25ba538eaea,WB,300,True,1,1833
93ddbfff317fa2459efb83fb2041c25ba538eaea,WB,75,True,1,4709
93ddbfff317fa2459efb83fb2041c25ba538eaea,WB,150,True,1,1976
93ddbfff317fa2459efb83fb2041c25ba538eaea,WB,300,True,1,1720
93ddbfff317fa2459efb83fb2041c25ba538eaea,WB,75,False,0,1914
93ddbfff317fa2459efb83fb2041c25ba538eaea,WB,75,True,1,1878
93ddbfff317fa2459efb83fb2041c25ba538eaea,WB,300,False,0,2367
93ddbfff317fa2459efb83fb2041c25ba538eaea,WB,150,False,0,3182
93ddbfff317fa2459efb83fb2041c25ba538eaea,WB,300,True,1,2014
93ddbfff317fa2459efb83fb2041c25ba538eaea,WB,300,True,1,3609
93ddbfff317fa2459efb83fb2041c25ba538eaea,WB,150,True,1,1816
93ddbfff317fa2459efb83fb2041c25ba538eaea,WB,75,True,1,1916
93ddbfff317fa2459efb83fb2041c25ba538eaea,WB,300,False,0,1687
93ddbfff317fa2459efb83fb2041c25ba538eaea,WB,75,True,1,2631
93ddbfff317fa2459efb83fb2041c25ba538eaea,WB,75,False,0,1372
93ddbfff317fa2459efb83fb2041c25ba538eaea,WB,75,True,1,2670
93ddbfff317fa2459efb83fb2041c25ba538eaea,WB,150,False,0,2099
93ddbfff317fa2459efb83fb2041c25ba538eaea,WB,150,True,1,1588
93ddbfff317fa2459efb83fb2041c25ba538eaea,WB,300,False,0,1164
93ddbfff317fa2459efb83fb2041c25ba538eaea,WB,300,True,1,1589
93ddbfff317fa2459efb83fb2041c25ba538eaea,WB,150,False,0,2154
93ddbfff317fa2459efb83fb2041c25ba538eaea,WB,75,True,1,1457
93ddbfff317fa2459efb83fb2041c25ba538eaea,WB,150,True,1,1171
93ddbfff317fa2459efb83fb2041c25ba538eaea,WB,300,True,1,1981
93ddbfff317fa2459efb83fb2041c25ba538eaea,WB,75,True,1,1411
3f98a50cb8b141b46bd7fa6423f16b23044707b1,WB,300,True,1,7166
3f98a50cb8b141b46bd7fa6423f16b23044707b1,WB,150,True,1,5986
3f98a50cb8b141b46bd7fa6423f16b23044707b1,WB,150,False,0,3642
3f98a50cb8b141b46bd7fa6423f16b23044707b1,WB,300,True,1,3069
3f98a50cb8b141b46bd7fa6423f16b23044707b1,WB,75,False,0,7611
3f98a50cb8b141b46bd7fa6423f16b23044707b1,WB,300,True,1,4875
3f98a50cb8b141b46bd7fa6423f16b23044707b1,WB,300,False,0,22080
3f98a50cb8b141b46bd7fa6423f16b23044707b1,WB,150,True,1,3210
3f98a50cb8b141b46bd7fa6423f16b23044707b1,WB,150,True,1,2572
3f98a50cb8b141b46bd7fa6423f16b23044707b1,WB,75,True,1,3678
3f98a50cb8b141b46bd7fa6423f16b23044707b1,WB,150,False,0,16465
3f98a50cb8b141b46bd7fa6423f16b23044707b1,WB,75,True,1,14576
3f98a50cb8b141b46bd7fa6423f16b23044707b1,WB,75,True,1,4163
3f98a50cb8b141b46bd7fa6423f16b23044707b1,WB,75,False,0,8480
3f98a50cb8b141b46bd7fa6423f16b23044707b1,WB,300,False,0,7706
3f98a50cb8b141b46bd7fa6423f16b23044707b1,WB,150,True,1,4563
3f98a50cb8b141b46bd7fa6423f16b23044707b1,WB,75,True,1,9509
3f98a50cb8b141b46bd7fa6423f16b23044707b1,WB,300,False,0,19487
3f98a50cb8b141b46bd7fa6423f16b23044707b1,WB,150,True,1,6853
3f98a50cb8b141b46bd7fa6423f16b23044707b1,WB,300,True,1,15010
3f98a50cb8b141b46bd7fa6423f16b23044707b1,WB,150,False,0,3710
3f98a50cb8b141b46bd7fa6423f16b23044707b1,WB,150,Undecided,0,7100
3f98a50cb8b141b46bd7fa6423f16b23044707b1,WB,75,False,0,6520
3f98a50cb8b141b46bd7fa6423f16b23044707b1,WB,75,True,1,6095
3f98a50cb8b141b46bd7fa6423f16b23044707b1,WB,300,True,1,6274
3f98a50cb8b141b46bd7fa6423f16b23044707b1,WB,300,True,1,9010
3f98a50cb8b141b46bd7fa6423f16b23044707b1,WB,75,True,1,5541
af99024a15d01b487dc2ba8246a94725f5a81431,WB,150,True,1,3594
af99024a15d01b487dc2ba8246a94725f5a81431,WB,75,True,1,3433
af99024a15d01b487dc2ba8246a94725f5a81431,WB,150,False,0,2265
af99024a15d01b487dc2ba8246a94725f5a81431,WB,300,True,1,1831
af99024a15d01b487dc2ba8246a94725f5a81431,WB,150,True,1,1912
af99024a15d01b487dc2ba8246a94725f5a81431,WB,150,True,1,2954
af99024a15d01b487dc2ba8246a94725f5a81431,WB,75,False,0,1847
af99024a15d01b487dc2ba8246a94725f5a81431,WB,75,True,1,1831
af99024a15d01b487dc2ba8246a94725f5a81431,WB,300,True,1,2149
af99024a15d01b487dc2ba8246a94725f5a81431,WB,300,False,0,2376
af99024a15d01b487dc2ba8246a94725f5a81431,WB,150,False,0,1180
af99024a15d01b487dc2ba8246a94725f5a81431,WB,75,False,0,1161
af99024a15d01b487dc2ba8246a94725f5a81431,WB,75,True,1,1842
af99024a15d01b487dc2ba8246a94725f5a81431,WB,150,True,1,1495
af99024a15d01b487dc2ba8246a94725f5a81431,WB,75,True,1,1763
af99024a15d01b487dc2ba8246a94725f5a81431,WB,300,True,1,1375
af99024a15d01b487dc2ba8246a94725f5a81431,WB,150,True,1,5222
af99024a15d01b487dc2ba8246a94725f5a81431,WB,300,True,1,1842
af99024a15d01b487dc2ba8246a94725f5a81431,WB,300,True,1,4150
af99024a15d01b487dc2ba8246a94725f5a81431,WB,300,True,1,1848
af99024a15d01b487dc2ba8246a94725f5a81431,WB,300,False,0,1306
af99024a15d01b487dc2ba8246a94725f5a81431,WB,300,True,1,1492
af99024a15d01b487dc2ba8246a94725f5a81431,WB,75,True,1,1396
af99024a15d01b487dc2ba8246a94725f5a81431,WB,150,True,1,1121
af99024a15d01b487dc2ba8246a94725f5a81431,WB,150,Undecided,0,1373
af99024a15d01b487dc2ba8246a94725f5a81431,WB,75,Undecided,0,1908
af99024a15d01b487dc2ba8246a94725f5a81431,WB,75,True,1,2215
007ef95746cc9b1d497b0b88e5a418365ca8c890,PB,150,True,1,6287
007ef95746cc9b1d497b0b88e5a418365ca8c890,PB,75,True,1,3768
007ef95746cc9b1d497b0b88e5a418365ca8c890,PB,300,Undecided,0,5024
007ef95746cc9b1d497b0b88e5a418365ca8c890,PB,150,True,1,2936
007ef95746cc9b1d497b0b88e5a418365ca8c890,PB,150,False,0,3346
007ef95746cc9b1d497b0b88e5a418365ca8c890,PB,150,True,1,2309
007ef95746cc9b1d497b0b88e5a418365ca8c890,PB,300,False,0,2108
007ef95746cc9b1d497b0b88e5a418365ca8c890,PB,150,False,0,1830
007ef95746cc9b1d497b0b88e5a418365ca8c890,PB,150,True,1,2281
007ef95746cc9b1d497b0b88e5a418365ca8c890,PB,300,True,1,4384
007ef95746cc9b1d497b0b88e5a418365ca8c890,PB,300,True,1,1966
007ef95746cc9b1d497b0b88e5a418365ca8c890,PB,75,True,1,2410
007ef95746cc9b1d497b0b88e5a418365ca8c890,PB,300,True,1,2488
007ef95746cc9b1d497b0b88e5a418365ca8c890,PB,150,True,1,2556
007ef95746cc9b1d497b0b88e5a418365ca8c890,PB,75,True,1,2481
007ef95746cc9b1d497b0b88e5a418365ca8c890,PB,75,True,1,3488
007ef95746cc9b1d497b0b88e5a418365ca8c890,PB,300,True,1,1803
007ef95746cc9b1d497b0b88e5a418365ca8c890,PB,300,Undecided,0,4099
007ef95746cc9b1d497b0b88e5a418365ca8c890,PB,75,True,1,2963
007ef95746cc9b1d497b0b88e5a418365ca8c890,PB,75,True,1,2614
007ef95746cc9b1d497b0b88e5a418365ca8c890,PB,75,False,0,1653
007ef95746cc9b1d497b0b88e5a418365ca8c890,PB,300,True,1,2524
007ef95746cc9b1d497b0b88e5a418365ca8c890,PB,300,True,1,3578
007ef95746cc9b1d497b0b88e5a418365ca8c890,PB,75,True,1,1841
007ef95746cc9b1d497b0b88e5a418365ca8c890,PB,75,False,0,2320
007ef95746cc9b1d497b0b88e5a418365ca8c890,PB,150,True,1,2487
007ef95746cc9b1d497b0b88e5a418365ca8c890,PB,150,True,1,2345
8d373899d375b03cb1c4a9233ed82d7e3b694a42,TM,300,True,1,4917
8d373899d375b03cb1c4a9233ed82d7e3b694a42,TM,150,False,0,5120
8d373899d375b03cb1c4a9233ed82d7e3b694a42,TM,75,True,1,9498
8d373899d375b03cb1c4a9233ed82d7e3b694a42,TM,300,True,1,8822
8d373899d375b03cb1c4a9233ed82d7e3b694a42,TM,75,True,1,3059
8d373899d375b03cb1c4a9233ed82d7e3b694a42,TM,150,False,0,8143
8d373899d375b03cb1c4a9233ed82d7e3b694a42,TM,150,False,0,6809
8d373899d375b03cb1c4a9233ed82d7e3b694a42,TM,75,False,0,3478
8d373899d375b03cb1c4a9233ed82d7e3b694a42,TM,300,True,1,7266
8d373899d375b03cb1c4a9233ed82d7e3b694a42,TM,150,True,1,5490
8d373899d375b03cb1c4a9233ed82d7e3b694a42,TM,75,True,1,4552
8d373899d375b03cb1c4a9233ed82d7e3b694a42,TM,300,True,1,7498
8d373899d375b03cb1c4a9233ed82d7e3b694a42,TM,150,True,1,3343
8d373899d375b03cb1c4a9233ed82d7e3b694a42,TM,150,True,1,6473
8d373899d375b03cb1c4a9233ed82d7e3b694a42,TM,75,True,1,9885
8d373899d375b03cb1c4a9233ed82d7e3b694a42,TM,75,True,1,3395
8d373899d375b03cb1c4a9233ed82d7e3b694a42,TM,75,True,1,7293
8d373899d375b03cb1c4a9233ed82d7e3b694a42,TM,150,True,1,2672
8d373899d375b03cb1c4a9233ed82d7e3b694a42,TM,300,False,0,3290
8d373899d375b03cb1c4a9233ed82d7e3b694a42,TM,150,True,1,3882
8d373899d375b03cb1c4a9233ed82d7e3b694a42,TM,300,True,1,2622
8d373899d375b03cb1c4a9233ed82d7e3b694a42,TM,300,False,0,6336
8d373899d375b03cb1c4a9233ed82d7e3b694a42,TM,300,False,0,5443
8d373899d375b03cb1c4a9233ed82d7e3b694a42,TM,75,True,1,5006
8d373899d375b03cb1c4a9233ed82d7e3b694a42,TM,150,False,0,4877
8d373899d375b03cb1c4a9233ed82d7e3b694a42,TM,300,True,1,4956
8d373899d375b03cb1c4a9233ed82d7e3b694a42,TM,75,True,1,2368
392e79ddbb4af3e1eae4a60f4c5dd15eeb0d58cb,WB,150,True,1,3169
392e79ddbb4af3e1eae4a60f4c5dd15eeb0d58cb,WB,300,True,1,2540
392e79ddbb4af3e1eae4a60f4c5dd15eeb0d58cb,WB,150,True,1,3750
392e79ddbb4af3e1eae4a60f4c5dd15eeb0d58cb,WB,300,False,0,2305
392e79ddbb4af3e1eae4a60f4c5dd15eeb0d58cb,WB,300,False,0,3287
392e79ddbb4af3e1eae4a60f4c5dd15eeb0d58cb,WB,75,True,1,1927
392e79ddbb4af3e1eae4a60f4c5dd15eeb0d58cb,WB,75,False,0,1458
392e79ddbb4af3e1eae4a60f4c5dd15eeb0d58cb,WB,75,False,0,1893
392e79ddbb4af3e1eae4a60f4c5dd15eeb0d58cb,WB,75,True,1,2795
392e79ddbb4af3e1eae4a60f4c5dd15eeb0d58cb,WB,75,Undecided,0,2731
392e79ddbb4af3e1eae4a60f4c5dd15eeb0d58cb,WB,75,True,1,3769
392e79ddbb4af3e1eae4a60f4c5dd15eeb0d58cb,WB,150,True,1,3539
392e79ddbb4af3e1eae4a60f4c5dd15eeb0d58cb,WB,300,False,0,3151
392e79ddbb4af3e1eae4a60f4c5dd15eeb0d58cb,WB,150,True,1,3138
392e79ddbb4af3e1eae4a60f4c5dd15eeb0d58cb,WB,150,True,1,2366
392e79ddbb4af3e1eae4a60f4c5dd15eeb0d58cb,WB,150,True,1,2166
392e79ddbb4af3e1eae4a60f4c5dd15eeb0d58cb,WB,300,True,1,3509
392e79ddbb4af3e1eae4a60f4c5dd15eeb0d58cb,WB,75,False,0,1945
392e79ddbb4af3e1eae4a60f4c5dd15eeb0d58cb,WB,75,False,0,2938
392e79ddbb4af3e1eae4a60f4c5dd15eeb0d58cb,WB,300,False,0,2492
392e79ddbb4af3e1eae4a60f4c5dd15eeb0d58cb,WB,150,True,1,1970
392e79ddbb4af3e1eae4a60f4c5dd15eeb0d58cb,WB,150,Undecided,0,2021
392e79ddbb4af3e1eae4a60f4c5dd15eeb0d58cb,WB,300,Undecided,0,1328
392e79ddbb4af3e1eae4a60f4c5dd15eeb0d58cb,WB,300,True,1,4005
392e79ddbb4af3e1eae4a60f4c5dd15eeb0d58cb,WB,300,True,1,2171
392e79ddbb4af3e1eae4a60f4c5dd15eeb0d58cb,WB,75,True,1,2877
392e79ddbb4af3e1eae4a60f4c5dd15eeb0d58cb,WB,150,True,1,2903
303bdb01be628b9dc1678384ba84272d55b16d0b,WB,300,True,1,8623
303bdb01be628b9dc1678384ba84272d55b16d0b,WB,75,True,1,4675
303bdb01be628b9dc1678384ba84272d55b16d0b,WB,300,True,1,10731
303bdb01be628b9dc1678384ba84272d55b16d0b,WB,300,False,0,5700
303bdb01be628b9dc1678384ba84272d55b16d0b,WB,75,True,1,5012
303bdb01be628b9dc1678384ba84272d55b16d0b,WB,150,True,1,4523
303bdb01be628b9dc1678384ba84272d55b16d0b,WB,300,False,0,3813
303bdb01be628b9dc1678384ba84272d55b16d0b,WB,75,True,1,6729
303bdb01be628b9dc1678384ba84272d55b16d0b,WB,75,True,1,4590
303bdb01be628b9dc1678384ba84272d55b16d0b,WB,150,False,0,3706
303bdb01be628b9dc1678384ba84272d55b16d0b,WB,75,True,1,3519
303bdb01be628b9dc1678384ba84272d55b16d0b,WB,150,Undecided,0,7753
303bdb01be628b9dc1678384ba84272d55b16d0b,WB,300,False,0,9080
303bdb01be628b9dc1678384ba84272d55b16d0b,WB,75,False,0,7351
303bdb01be628b9dc1678384ba84272d55b16d0b,WB,300,True,1,4641
303bdb01be628b9dc1678384ba84272d55b16d0b,WB,300,True,1,3667
303bdb01be628b9dc1678384ba84272d55b16d0b,WB,300,True,1,3868
303bdb01be628b9dc1678384ba84272d55b16d0b,WB,75,True,1,3271
303bdb01be628b9dc1678384ba84272d55b16d0b,WB,150,True,1,3115
303bdb01be628b9dc1678384ba84272d55b16d0b,WB,150,True,1,3822
303bdb01be628b9dc1678384ba84272d55b16d0b,WB,150,True,1,3414
303bdb01be628b9dc1678384ba84272d55b16d0b,WB,150,True,1,5613
303bdb01be628b9dc1678384ba84272d55b16d0b,WB,75,True,1,10266
303bdb01be628b9dc1678384ba84272d55b16d0b,WB,300,True,1,3308
303bdb01be628b9dc1678384ba84272d55b16d0b,WB,150,False,0,12518
303bdb01be628b9dc1678384ba84272d55b16d0b,WB,75,False,0,4188
303bdb01be628b9dc1678384ba84272d55b16d0b,WB,150,True,1,4518
00ccc144b082c4a8ab402ef895e3953a3fddd7a0,PB,75,True,1,8024
00ccc144b082c4a8ab402ef895e3953a3fddd7a0,PB,75,True,1,3018
00ccc144b082c4a8ab402ef895e3953a3fddd7a0,PB,75,True,1,5144
00ccc144b082c4a8ab402ef895e3953a3fddd7a0,PB,75,False,0,2686
00ccc144b082c4a8ab402ef895e3953a3fddd7a0,PB,75,False,0,4984
00ccc144b082c4a8ab402ef895e3953a3fddd7a0,PB,75,True,1,2354
00ccc144b082c4a8ab402ef895e3953a3fddd7a0,PB,300,True,1,3242
00ccc144b082c4a8ab402ef895e3953a3fddd7a0,PB,150,True,1,2611
00ccc144b082c4a8ab402ef895e3953a3fddd7a0,PB,300,False,0,2447
00ccc144b082c4a8ab402ef895e3953a3fddd7a0,PB,150,True,1,3390
00ccc144b082c4a8ab402ef895e3953a3fddd7a0,PB,300,True,1,2419
00ccc144b082c4a8ab402ef895e3953a3fddd7a0,PB,75,Undecided,0,4308
00ccc144b082c4a8ab402ef895e3953a3fddd7a0,PB,150,True,1,2384
00ccc144b082c4a8ab402ef895e3953a3fddd7a0,PB,150,True,1,2229
00ccc144b082c4a8ab402ef895e3953a3fddd7a0,PB,75,True,1,2005
00ccc144b082c4a8ab402ef895e3953a3fddd7a0,PB,150,False,0,1933
00ccc144b082c4a8ab402ef895e3953a3fddd7a0,PB,75,Undecided,0,3101
00ccc144b082c4a8ab402ef895e3953a3fddd7a0,PB,150,True,1,2891
00ccc144b082c4a8ab402ef895e3953a3fddd7a0,PB,150,True,1,4754
00ccc144b082c4a8ab402ef895e3953a3fddd7a0,PB,300,True,1,3032
00ccc144b082c4a8ab402ef895e3953a3fddd7a0,PB,300,True,1,2119
00ccc144b082c4a8ab402ef895e3953a3fddd7a0,PB,300,True,1,1941
00ccc144b082c4a8ab402ef895e3953a3fddd7a0,PB,300,Undecided,0,2695
00ccc144b082c4a8ab402ef895e3953a3fddd7a0,PB,300,False,0,2347
00ccc144b082c4a8ab402ef895e3953a3fddd7a0,PB,300,True,1,2823
00ccc144b082c4a8ab402ef895e3953a3fddd7a0,PB,150,True,1,1918
00ccc144b082c4a8ab402ef895e3953a3fddd7a0,PB,150,False,0,1781
ede3d8c1378eb507f1666f635105ab6b89dbf6fd,TM,150,True,1,39551
ede3d8c1378eb507f1666f635105ab6b89dbf6fd,TM,300,True,1,6782
ede3d8c1378eb507f1666f635105ab6b89dbf6fd,TM,300,True,1,11245
ede3d8c1378eb507f1666f635105ab6b89dbf6fd,TM,75,True,1,6993
ede3d8c1378eb507f1666f635105ab6b89dbf6fd,TM,150,True,1,7664
ede3d8c1378eb507f1666f635105ab6b89dbf6fd,TM,75,True,1,6113
ede3d8c1378eb507f1666f635105ab6b89dbf6fd,TM,150,False,0,5418
ede3d8c1378eb507f1666f635105ab6b89dbf6fd,TM,300,False,0,7486
ede3d8c1378eb507f1666f635105ab6b89dbf6fd,TM,75,False,0,7359
ede3d8c1378eb507f1666f635105ab6b89dbf6fd,TM,150,False,0,8017
ede3d8c1378eb507f1666f635105ab6b89dbf6fd,TM,150,False,0,6690
ede3d8c1378eb507f1666f635105ab6b89dbf6fd,TM,75,False,0,5527
ede3d8c1378eb507f1666f635105ab6b89dbf6fd,TM,300,False,0,8364
ede3d8c1378eb507f1666f635105ab6b89dbf6fd,TM,75,True,1,6454
ede3d8c1378eb507f1666f635105ab6b89dbf6fd,TM,300,True,1,6253
ede3d8c1378eb507f1666f635105ab6b89dbf6fd,TM,75,False,0,10295
ede3d8c1378eb507f1666f635105ab6b89dbf6fd,TM,75,True,1,6579
ede3d8c1378eb507f1666f635105ab6b89dbf6fd,TM,150,True,1,4071
ede3d8c1378eb507f1666f635105ab6b89dbf6fd,TM,150,False,0,7091
ede3d8c1378eb507f1666f635105ab6b89dbf6fd,TM,300,True,1,7877
ede3d8c1378eb507f1666f635105ab6b89dbf6fd,TM,75,False,0,7743
ede3d8c1378eb507f1666f635105ab6b89dbf6fd,TM,300,False,0,8369
ede3d8c1378eb507f1666f635105ab6b89dbf6fd,TM,150,False,0,6376
ede3d8c1378eb507f1666f635105ab6b89dbf6fd,TM,150,False,0,5701
ede3d8c1378eb507f1666f635105ab6b89dbf6fd,TM,300,True,1,6301
ede3d8c1378eb507f1666f635105ab6b89dbf6fd,TM,300,False,0,4782
ede3d8c1378eb507f1666f635105ab6b89dbf6fd,TM,75,True,1,7161
91a0f047edbe6264abd68d3f4b12bde89d174a9d,TM,150,False,0,8446
91a0f047edbe6264abd68d3f4b12bde89d174a9d,TM,150,False,0,6190
91a0f047edbe6264abd68d3f4b12bde89d174a9d,TM,150,False,0,15966
91a0f047edbe6264abd68d3f4b12bde89d174a9d,TM,75,True,1,9384
91a0f047edbe6264abd68d3f4b12bde89d174a9d,TM,150,False,0,6307
91a0f047edbe6264abd68d3f4b12bde89d174a9d,TM,75,True,1,2833
91a0f047edbe6264abd68d3f4b12bde89d174a9d,TM,75,False,0,7265
91a0f047edbe6264abd68d3f4b12bde89d174a9d,TM,75,True,1,5175
91a0f047edbe6264abd68d3f4b12bde89d174a9d,TM,300,True,1,5195
91a0f047edbe6264abd68d3f4b12bde89d174a9d,TM,75,False,0,3112
91a0f047edbe6264abd68d3f4b12bde89d174a9d,TM,300,False,0,10503
91a0f047edbe6264abd68d3f4b12bde89d174a9d,TM,150,True,1,7749
91a0f047edbe6264abd68d3f4b12bde89d174a9d,TM,150,True,1,2457
91a0f047edbe6264abd68d3f4b12bde89d174a9d,TM,300,True,1,7715
91a0f047edbe6264abd68d3f4b12bde89d174a9d,TM,75,False,0,3695
91a0f047edbe6264abd68d3f4b12bde89d174a9d,TM,300,False,0,1784
91a0f047edbe6264abd68d3f4b12bde89d174a9d,TM,300,False,0,3243
91a0f047edbe6264abd68d3f4b12bde89d174a9d,TM,150,True,1,2467
91a0f047edbe6264abd68d3f4b12bde89d174a9d,TM,300,True,1,9048
91a0f047edbe6264abd68d3f4b12bde89d174a9d,TM,300,True,1,2946
91a0f047edbe6264abd68d3f4b12bde89d174a9d,TM,300,False,0,3274
91a0f047edbe6264abd68d3f4b12bde89d174a9d,TM,150,False,0,1803
91a0f047edbe6264abd68d3f4b12bde89d174a9d,TM,300,False,0,2304
91a0f047edbe6264abd68d3f4b12bde89d174a9d,TM,150,True,1,4180
91a0f047edbe6264abd68d3f4b12bde89d174a9d,TM,75,False,0,4711
91a0f047edbe6264abd68d3f4b12bde89d174a9d,TM,75,False,0,5364
91a0f047edbe6264abd68d3f4b12bde89d174a9d,TM,75,True,1,5013
ac6d2f9d0892d843c7a1e4dd340a05d10f854084,TM,150,True,1,13779
ac6d2f9d0892d843c7a1e4dd340a05d10f854084,TM,75,False,0,6582
ac6d2f9d0892d843c7a1e4dd340a05d10f854084,TM,300,False,0,2713
ac6d2f9d0892d843c7a1e4dd340a05d10f854084,TM,300,False,0,1707
ac6d2f9d0892d843c7a1e4dd340a05d10f854084,TM,300,True,1,2044
ac6d2f9d0892d843c7a1e4dd340a05d10f854084,TM,300,False,0,3703
ac6d2f9d0892d843c7a1e4dd340a05d10f854084,TM,75,True,1,1457
ac6d2f9d0892d843c7a1e4dd340a05d10f854084,TM,75,True,1,1599
ac6d2f9d0892d843c7a1e4dd340a05d10f854084,TM,150,Undecided,0,1833
ac6d2f9d0892d843c7a1e4dd340a05d10f854084,TM,75,True,1,6169
ac6d2f9d0892d843c7a1e4dd340a05d10f854084,TM,75,True,1,2696
ac6d2f9d0892d843c7a1e4dd340a05d10f854084,TM,150,True,1,3110
ac6d2f9d0892d843c7a1e4dd340a05d10f854084,TM,150,True,1,2218
ac6d2f9d0892d843c7a1e4dd340a05d10f854084,TM,150,False,0,3168
ac6d2f9d0892d843c7a1e4dd340a05d10f854084,TM,75,True,1,2213
ac6d2f9d0892d843c7a1e4dd340a05d10f854084,TM,75,True,1,3267
ac6d2f9d0892d843c7a1e4dd340a05d10f854084,TM,300,True,1,2584
ac6d2f9d0892d843c7a1e4dd340a05d10f854084,TM,150,True,1,1911
ac6d2f9d0892d843c7a1e4dd340a05d10f854084,TM,150,True,1,3241
ac6d2f9d0892d843c7a1e4dd340a05d10f854084,TM,150,True,1,2251
ac6d2f9d0892d843c7a1e4dd340a05d10f854084,TM,300,True,1,2169
ac6d2f9d0892d843c7a1e4dd340a05d10f854084,TM,300,False,0,3131
ac6d2f9d0892d843c7a1e4dd340a05d10f854084,TM,75,True,1,2776
ac6d2f9d0892d843c7a1e4dd340a05d10f854084,TM,300,True,1,2821
ac6d2f9d0892d843c7a1e4dd340a05d10f854084,TM,75,True,1,3173
ac6d2f9d0892d843c7a1e4dd340a05d10f854084,TM,150,False,0,2473
ac6d2f9d0892d843c7a1e4dd340a05d10f854084,TM,300,False,0,2702
6afa1a398eaa8e8157b58a1ad515a1633397e6a9,PB,75,True,1,12492
6afa1a398eaa8e8157b58a1ad515a1633397e6a9,PB,300,False,0,10922
6afa1a398eaa8e8157b58a1ad515a1633397e6a9,PB,150,False,0,5611
6afa1a398eaa8e8157b58a1ad515a1633397e6a9,PB,150,False,0,4248
6afa1a398eaa8e8157b58a1ad515a1633397e6a9,PB,150,False,0,4745
6afa1a398eaa8e8157b58a1ad515a1633397e6a9,PB,300,True,1,4112
6afa1a398eaa8e8157b58a1ad515a1633397e6a9,PB,150,True,1,4414
6afa1a398eaa8e8157b58a1ad515a1633397e6a9,PB,75,False,0,5565
6afa1a398eaa8e8157b58a1ad515a1633397e6a9,PB,75,True,1,8052
6afa1a398eaa8e8157b58a1ad515a1633397e6a9,PB,75,True,1,7344
6afa1a398eaa8e8157b58a1ad515a1633397e6a9,PB,75,True,1,4406
6afa1a398eaa8e8157b58a1ad515a1633397e6a9,PB,150,True,1,4183
6afa1a398eaa8e8157b58a1ad515a1633397e6a9,PB,300,False,0,3038
6afa1a398eaa8e8157b58a1ad515a1633397e6a9,PB,150,False,0,5995
6afa1a398eaa8e8157b58a1ad515a1633397e6a9,PB,150,False,0,5061
6afa1a398eaa8e8157b58a1ad515a1633397e6a9,PB,75,False,0,5787
6afa1a398eaa8e8157b58a1ad515a1633397e6a9,PB,300,True,1,6339
6afa1a398eaa8e8157b58a1ad515a1633397e6a9,PB,300,False,0,3107
6afa1a398eaa8e8157b58a1ad515a1633397e6a9,PB,300,True,1,7000
6afa1a398eaa8e8157b58a1ad515a1633397e6a9,PB,300,False,0,5318
6afa1a398eaa8e8157b58a1ad515a1633397e6a9,PB,75,False,0,3271
6afa1a398eaa8e8157b58a1ad515a1633397e6a9,PB,75,True,1,2911
6afa1a398eaa8e8157b58a1ad515a1633397e6a9,PB,300,True,1,5082
6afa1a398eaa8e8157b58a1ad515a1633397e6a9,PB,150,True,1,4834
6afa1a398eaa8e8157b58a1ad515a1633397e6a9,PB,150,False,0,7576
6afa1a398eaa8e8157b58a1ad515a1633397e6a9,PB,75,False,0,2794
6afa1a398eaa8e8157b58a1ad515a1633397e6a9,PB,300,False,0,6648
b00c26def48693ed2b76a370f8aea01ca183f039,PB,300,False,0,5231
b00c26def48693ed2b76a370f8aea01ca183f039,PB,300,True,1,2548
b00c26def48693ed2b76a370f8aea01ca183f039,PB,300,Undecided,0,3220
b00c26def48693ed2b76a370f8aea01ca183f039,PB,150,True,1,3019
b00c26def48693ed2b76a370f8aea01ca183f039,PB,75,False,0,2485
b00c26def48693ed2b76a370f8aea01ca183f039,PB,150,True,1,1713
b00c26def48693ed2b76a370f8aea01ca183f039,PB,75,True,1,3022
b00c26def48693ed2b76a370f8aea01ca183f039,PB,300,False,0,2127
b00c26def48693ed2b76a370f8aea01ca183f039,PB,300,True,1,2294
b00c26def48693ed2b76a370f8aea01ca183f039,PB,150,True,1,1753
b00c26def48693ed2b76a370f8aea01ca183f039,PB,150,False,0,1872
b00c26def48693ed2b76a370f8aea01ca183f039,PB,75,True,1,3372
b00c26def48693ed2b76a370f8aea01ca183f039,PB,75,True,1,2230
b00c26def48693ed2b76a370f8aea01ca183f039,PB,300,True,1,2035
b00c26def48693ed2b76a370f8aea01ca183f039,PB,150,True,1,1717
b00c26def48693ed2b76a370f8aea01ca183f039,PB,75,False,0,2067
b00c26def48693ed2b76a370f8aea01ca183f039,PB,150,True,1,1942
b00c26def48693ed2b76a370f8aea01ca183f039,PB,150,True,1,2048
b00c26def48693ed2b76a370f8aea01ca183f039,PB,75,True,1,1366
b00c26def48693ed2b76a370f8aea01ca183f039,PB,300,True,1,1611
b00c26def48693ed2b76a370f8aea01ca183f039,PB,150,False,0,2331
b00c26def48693ed2b76a370f8aea01ca183f039,PB,75,True,1,2087
b00c26def48693ed2b76a370f8aea01ca183f039,PB,75,True,1,1417
b00c26def48693ed2b76a370f8aea01ca183f039,PB,150,True,1,3387
b00c26def48693ed2b76a370f8aea01ca183f039,PB,300,True,1,1585
b00c26def48693ed2b76a370f8aea01ca183f039,PB,300,True,1,1461
b00c26def48693ed2b76a370f8aea01ca183f039,PB,75,True,1,1749
c54223b50194a408c23ad546225cc0bba59d42f0,WB,75,True,1,4430
c54223b50194a408c23ad546225cc0bba59d42f0,WB,75,False,0,3415
c54223b50194a408c23ad546225cc0bba59d42f0,WB,300,True,1,4106
c54223b50194a408c23ad546225cc0bba59d42f0,WB,300,Undecided,0,4701
c54223b50194a408c23ad546225cc0bba59d42f0,WB,75,True,1,4676
c54223b50194a408c23ad546225cc0bba59d42f0,WB,150,False,0,5588
c54223b50194a408c23ad546225cc0bba59d42f0,WB,300,Undecided,0,3990
c54223b50194a408c23ad546225cc0bba59d42f0,WB,75,True,1,3909
c54223b50194a408c23ad546225cc0bba59d42f0,WB,150,True,1,3506
c54223b50194a408c23ad546225cc0bba59d42f0,WB,150,True,1,5289
c54223b50194a408c23ad546225cc0bba59d42f0,WB,150,True,1,3921
c54223b50194a408c23ad546225cc0bba59d42f0,WB,300,True,1,3386
c54223b50194a408c23ad546225cc0bba59d42f0,WB,150,False,0,4130
c54223b50194a408c23ad546225cc0bba59d42f0,WB,300,True,1,1894
c54223b50194a408c23ad546225cc0bba59d42f0,WB,150,True,1,3544
c54223b50194a408c23ad546225cc0bba59d42f0,WB,75,True,1,4798
c54223b50194a408c23ad546225cc0bba59d42f0,WB,75,True,1,3957
c54223b50194a408c23ad546225cc0bba59d42f0,WB,150,True,1,3013
c54223b50194a408c23ad546225cc0bba59d42f0,WB,300,True,1,5400
c54223b50194a408c23ad546225cc0bba59d42f0,WB,300,False,0,4474
c54223b50194a408c23ad546225cc0bba59d42f0,WB,150,True,1,3073
c54223b50194a408c23ad546225cc0bba59d42f0,WB,75,True,1,4033
c54223b50194a408c23ad546225cc0bba59d42f0,WB,75,False,0,5895
c54223b50194a408c23ad546225cc0bba59d42f0,WB,300,True,1,2966
c54223b50194a408c23ad546225cc0bba59d42f0,WB,300,True,1,2803
c54223b50194a408c23ad546225cc0bba59d42f0,WB,150,True,1,3095
c54223b50194a408c23ad546225cc0bba59d42f0,WB,75,False,0,6055
c076c5855d63c7841fbbe1f1419a8fc8599aa2b8,WB,300,True,1,5976
c076c5855d63c7841fbbe1f1419a8fc8599aa2b8,WB,300,True,1,9221
c076c5855d63c7841fbbe1f1419a8fc8599aa2b8,WB,75,False,0,3062
c076c5855d63c7841fbbe1f1419a8fc8599aa2b8,WB,150,True,1,2956
c076c5855d63c7841fbbe1f1419a8fc8599aa2b8,WB,300,False,0,3643
c076c5855d63c7841fbbe1f1419a8fc8599aa2b8,WB,75,False,0,1599
c076c5855d63c7841fbbe1f1419a8fc8599aa2b8,WB,150,True,1,2027
c076c5855d63c7841fbbe1f1419a8fc8599aa2b8,WB,75,True,1,1895
c076c5855d63c7841fbbe1f1419a8fc8599aa2b8,WB,150,False,0,1651
c076c5855d63c7841fbbe1f1419a8fc8599aa2b8,WB,300,True,1,1921
c076c5855d63c7841fbbe1f1419a8fc8599aa2b8,WB,75,True,1,2070
c076c5855d63c7841fbbe1f1419a8fc8599aa2b8,WB,75,False,0,1768
c076c5855d63c7841fbbe1f1419a8fc8599aa2b8,WB,300,True,1,1761
c076c5855d63c7841fbbe1f1419a8fc8599aa2b8,WB,150,True,1,1884
c076c5855d63c7841fbbe1f1419a8fc8599aa2b8,WB,300,True,1,1782
c076c5855d63c7841fbbe1f1419a8fc8599aa2b8,WB,150,False,0,1630
c076c5855d63c7841fbbe1f1419a8fc8599aa2b8,WB,150,True,1,1757
c076c5855d63c7841fbbe1f1419a8fc8599aa2b8,WB,75,True,1,1918
c076c5855d63c7841fbbe1f1419a8fc8599aa2b8,WB,300,True,1,1521
c076c5855d63c7841fbbe1f1419a8fc8599aa2b8,WB,300,False,0,1368
c076c5855d63c7841fbbe1f1419a8fc8599aa2b8,WB,75,True,1,1692
c076c5855d63c7841fbbe1f1419a8fc8599aa2b8,WB,75,False,0,2106
c076c5855d63c7841fbbe1f1419a8fc8599aa2b8,WB,75,False,0,2642
c076c5855d63c7841fbbe1f1419a8fc8599aa2b8,WB,150,True,1,1411
c076c5855d63c7841fbbe1f1419a8fc8599aa2b8,WB,300,True,1,1774
c076c5855d63c7841fbbe1f1419a8fc8599aa2b8,WB,150,True,1,2407
c076c5855d63c7841fbbe1f1419a8fc8599aa2b8,WB,150,True,1,1587
ac143b30301a196a41a3537497cd3387c80adeb7,PB,300,True,1,5161
ac143b30301a196a41a3537497cd3387c80adeb7,PB,75,True,1,1805
ac143b30301a196a41a3537497cd3387c80adeb7,PB,150,True,1,3886
ac143b30301a196a41a3537497cd3387c80adeb7,PB,150,Undecided,0,4699
ac143b30301a196a41a3537497cd3387c80adeb7,PB,300,True,1,2133
ac143b30301a196a41a3537497cd3387c80adeb7,PB,75,True,1,1938
ac143b30301a196a41a3537497cd3387c80adeb7,PB,75,True,1,1573
ac143b30301a196a41a3537497cd3387c80adeb7,PB,300,True,1,2121
ac143b30301a196a41a3537497cd3387c80adeb7,PB,75,False,0,3653
ac143b30301a196a41a3537497cd3387c80adeb7,PB,300,False,0,3573
ac143b30301a196a41a3537497cd3387c80adeb7,PB,300,False,0,6071
ac143b30301a196a41a3537497cd3387c80adeb7,PB,150,True,1,2584
ac143b30301a196a41a3537497cd3387c80adeb7,PB,300,True,1,2279
ac143b30301a196a41a3537497cd3387c80adeb7,PB,150,True,1,1904
ac143b30301a196a41a3537497cd3387c80adeb7,PB,75,False,0,3514
ac143b30301a196a41a3537497cd3387c80adeb7,PB,300,True,1,1552
ac143b30301a196a41a3537497cd3387c80adeb7,PB,300,True,1,3071
ac143b30301a196a41a3537497cd3387c80adeb7,PB,75,True,1,3706
ac143b30301a196a41a3537497cd3387c80adeb7,PB,150,True,1,2249
ac143b30301a196a41a3537497cd3387c80adeb7,PB,75,True,1,3666
ac143b30301a196a41a3537497cd3387c80adeb7,PB,75,False,0,2513
ac143b30301a196a41a3537497cd3387c80adeb7,PB,75,True,1,3969
ac143b30301a196a41a3537497cd3387c80adeb7,PB,150,True,1,1851
ac143b30301a196a41a3537497cd3387c80adeb7,PB,300,False,0,1665
ac143b30301a196a41a3537497cd3387c80adeb7,PB,150,False,0,2534
ac143b30301a196a41a3537497cd3387c80adeb7,PB,150,False,0,2123
ac143b30301a196a41a3537497cd3387c80adeb7,PB,150,True,1,3123
2eac397bc9c935c435033e93a2274fb453121c4f,WB,300,True,1,9929
2eac397bc9c935c435033e93a2274fb453121c4f,WB,75,True,1,5547
2eac397bc9c935c435033e93a2274fb453121c4f,WB,150,True,1,7262
2eac397bc9c935c435033e93a2274fb453121c4f,WB,150,True,1,8005
2eac397bc9c935c435033e93a2274fb453121c4f,WB,75,True,1,8138
2eac397bc9c935c435033e93a2274fb453121c4f,WB,150,False,0,6356
2eac397bc9c935c435033e93a2274fb453121c4f,WB,300,True,1,5405
2eac397bc9c935c435033e93a2274fb453121c4f,WB,150,True,1,11011
2eac397bc9c935c435033e93a2274fb453121c4f,WB,300,True,1,10462
2eac397bc9c935c435033e93a2274fb453121c4f,WB,150,True,1,9783
2eac397bc9c935c435033e93a2274fb453121c4f,WB,75,True,1,5908
2eac397bc9c935c435033e93a2274fb453121c4f,WB,150,True,1,6230
2eac397bc9c935c435033e93a2274fb453121c4f,WB,300,True,1,11529
2eac397bc9c935c435033e93a2274fb453121c4f,WB,75,True,1,5323
2eac397bc9c935c435033e93a2274fb453121c4f,WB,150,True,1,7883
2eac397bc9c935c435033e93a2274fb453121c4f,WB,75,True,1,6808
2eac397bc9c935c435033e93a2274fb453121c4f,WB,150,False,0,6564
2eac397bc9c935c435033e93a2274fb453121c4f,WB,75,True,1,2947
2eac397bc9c935c435033e93a2274fb453121c4f,WB,300,True,1,6271
2eac397bc9c935c435033e93a2274fb453121c4f,WB,300,True,1,3558
2eac397bc9c935c435033e93a2274fb453121c4f,WB,75,True,1,3799
2eac397bc9c935c435033e93a2274fb453121c4f,WB,150,True,1,3082
2eac397bc9c935c435033e93a2274fb453121c4f,WB,75,True,1,6821
2eac397bc9c935c435033e93a2274fb453121c4f,WB,75,True,1,5677
2eac397bc9c935c435033e93a2274fb453121c4f,WB,300,True,1,3640
2eac397bc9c935c435033e93a2274fb453121c4f,WB,300,True,1,3396
2eac397bc9c935c435033e93a2274fb453121c4f,WB,300,True,1,7058
6a077065781ef8cb6b031e85b0b1341b2ac94972,TM,150,True,1,4589
6a077065781ef8cb6b031e85b0b1341b2ac94972,TM,300,False,0,3759
6a077065781ef8cb6b031e85b0b1341b2ac94972,TM,300,True,1,3862
6a077065781ef8cb6b031e85b0b1341b2ac94972,TM,75,False,0,3228
6a077065781ef8cb6b031e85b0b1341b2ac94972,TM,300,False,0,1937
6a077065781ef8cb6b031e85b0b1341b2ac94972,TM,150,True,1,2473
6a077065781ef8cb6b031e85b0b1341b2ac94972,TM,75,True,1,1515
6a077065781ef8cb6b031e85b0b1341b2ac94972,TM,75,True,1,1108
6a077065781ef8cb6b031e85b0b1341b2ac94972,TM,75,True,1,1266
6a077065781ef8cb6b031e85b0b1341b2ac94972,TM,150,False,0,1880
6a077065781ef8cb6b031e85b0b1341b2ac94972,TM,75,False,0,1849
6a077065781ef8cb6b031e85b0b1341b2ac94972,TM,300,False,0,2871
6a077065781ef8cb6b031e85b0b1341b2ac94972,TM,75,False,0,2271
6a077065781ef8cb6b031e85b0b1341b2ac94972,TM,300,False,0,2143
6a077065781ef8cb6b031e85b0b1341b2ac94972,TM,150,True,1,6275
6a077065781ef8cb6b031e85b0b1341b2ac94972,TM,75,True,1,2545
6a077065781ef8cb6b031e85b0b1341b2ac94972,TM,300,True,1,2047
6a077065781ef8cb6b031e85b0b1341b2ac94972,TM,75,False,0,2514
6a077065781ef8cb6b031e85b0b1341b2ac94972,TM,300,False,0,2508
6a077065781ef8cb6b031e85b0b1341b2ac94972,TM,150,False,0,2919
6a077065781ef8cb6b031e85b0b1341b2ac94972,TM,300,False,0,1689
6a077065781ef8cb6b031e85b0b1341b2ac94972,TM,150,True,1,2780
6a077065781ef8cb6b031e85b0b1341b2ac94972,TM,150,True,1,1405
6a077065781ef8cb6b031e85b0b1341b2ac94972,TM,150,False,0,916
6a077065781ef8cb6b031e85b0b1341b2ac94972,TM,300,True,1,767
6a077065781ef8cb6b031e85b0b1341b2ac94972,TM,75,False,0,815
6a077065781ef8cb6b031e85b0b1341b2ac94972,TM,150,False,0,1027
69b64abf60fd166f278dc7b10668db1ea53bc0ac,PB,150,True,1,3983
69b64abf60fd166f278dc7b10668db1ea53bc0ac,PB,300,False,0,5191
69b64abf60fd166f278dc7b10668db1ea53bc0ac,PB,300,False,0,4016
69b64abf60fd166f278dc7b10668db1ea53bc0ac,PB,150,False,0,2242
69b64abf60fd166f278dc7b10668db1ea53bc0ac,PB,300,True,1,3593
69b64abf60fd166f278dc7b10668db1ea53bc0ac,PB,300,True,1,2528
69b64abf60fd166f278dc7b10668db1ea53bc0ac,PB,150,True,1,1930
69b64abf60fd166f278dc7b10668db1ea53bc0ac,PB,150,False,0,4065
69b64abf60fd166f278dc7b10668db1ea53bc0ac,PB,300,False,0,1974
69b64abf60fd166f278dc7b10668db1ea53bc0ac,PB,75,True,1,3488
69b64abf60fd166f278dc7b10668db1ea53bc0ac,PB,300,False,0,2357
69b64abf60fd166f278dc7b10668db1ea53bc0ac,PB,75,False,0,2155
69b64abf60fd166f278dc7b10668db1ea53bc0ac,PB,300,True,1,1914
69b64abf60fd166f278dc7b10668db1ea53bc0ac,PB,300,True,1,2317
69b64abf60fd166f278dc7b10668db1ea53bc0ac,PB,75,False,0,1973
69b64abf60fd166f278dc7b10668db1ea53bc0ac,PB,150,True,1,1694
69b64abf60fd166f278dc7b10668db1ea53bc0ac,PB,300,True,1,1408
69b64abf60fd166f278dc7b10668db1ea53bc0ac,PB,150,True,1,1896
69b64abf60fd166f278dc7b10668db1ea53bc0ac,PB,75,True,1,2373
69b64abf60fd166f278dc7b10668db1ea53bc0ac,PB,75,False,0,1982
69b64abf60fd166f278dc7b10668db1ea53bc0ac,PB,75,True,1,1959
69b64abf60fd166f278dc7b10668db1ea53bc0ac,PB,150,True,1,1896
69b64abf60fd166f278dc7b10668db1ea53bc0ac,PB,75,True,1,2212
69b64abf60fd166f278dc7b10668db1ea53bc0ac,PB,75,False,0,1580
69b64abf60fd166f278dc7b10668db1ea53bc0ac,PB,75,True,1,2017
69b64abf60fd166f278dc7b10668db1ea53bc0ac,PB,150,False,0,1945
69b64abf60fd166f278dc7b10668db1ea53bc0ac,PB,150,True,1,1710
1ff2d22bbe9c33cf21ba1099e3bf811667c8c872,WB,150,True,1,3626
1ff2d22bbe9c33cf21ba1099e3bf811667c8c872,WB,150,False,0,4789
1ff2d22bbe9c33cf21ba1099e3bf811667c8c872,WB,300,False,0,1711
1ff2d22bbe9c33cf21ba1099e3bf811667c8c872,WB,75,False,0,1767
1ff2d22bbe9c33cf21ba1099e3bf811667c8c872,WB,300,False,0,4276
1ff2d22bbe9c33cf21ba1099e3bf811667c8c872,WB,300,True,1,3364
1ff2d22bbe9c33cf21ba1099e3bf811667c8c872,WB,300,True,1,3853
1ff2d22bbe9c33cf21ba1099e3bf811667c8c872,WB,300,False,0,2683
1ff2d22bbe9c33cf21ba1099e3bf811667c8c872,WB,75,True,1,2841
1ff2d22bbe9c33cf21ba1099e3bf811667c8c872,WB,150,False,0,4999
1ff2d22bbe9c33cf21ba1099e3bf811667c8c872,WB,75,False,0,2235
1ff2d22bbe9c33cf21ba1099e3bf811667c8c872,WB,300,True,1,4085
1ff2d22bbe9c33cf21ba1099e3bf811667c8c872,WB,150,True,1,4178
1ff2d22bbe9c33cf21ba1099e3bf811667c8c872,WB,150,True,1,5947
1ff2d22bbe9c33cf21ba1099e3bf811667c8c872,WB,150,True,1,4237
1ff2d22bbe9c33cf21ba1099e3bf811667c8c872,WB,75,True,1,2425
1ff2d22bbe9c33cf21ba1099e3bf811667c8c872,WB,75,False,0,7748
1ff2d22bbe9c33cf21ba1099e3bf811667c8c872,WB,75,True,1,3813
1ff2d22bbe9c33cf21ba1099e3bf811667c8c872,WB,150,True,1,2747
1ff2d22bbe9c33cf21ba1099e3bf811667c8c872,WB,300,True,1,6501
1ff2d22bbe9c33cf21ba1099e3bf811667c8c872,WB,75,True,1,3322
1ff2d22bbe9c33cf21ba1099e3bf811667c8c872,WB,75,False,0,3510
1ff2d22bbe9c33cf21ba1099e3bf811667c8c872,WB,300,True,1,6044
1ff2d22bbe9c33cf21ba1099e3bf811667c8c872,WB,150,True,1,6734
1ff2d22bbe9c33cf21ba1099e3bf811667c8c872,WB,75,True,1,4782
1ff2d22bbe9c33cf21ba1099e3bf811667c8c872,WB,150,True,1,4870
1ff2d22bbe9c33cf21ba1099e3bf811667c8c872,WB,300,True,1,6814
ad4442043f5c22739f42aad97d41af07a1293c4f,PB,300,False,0,21422
ad4442043f5c22739f42aad97d41af07a1293c4f,PB,300,False,0,10783
ad4442043f5c22739f42aad97d41af07a1293c4f,PB,75,True,1,10657
ad4442043f5c22739f42aad97d41af07a1293c4f,PB,75,False,0,14483
ad4442043f5c22739f42aad97d41af07a1293c4f,PB,75,True,1,4262
ad4442043f5c22739f42aad97d41af07a1293c4f,PB,300,True,1,10207
ad4442043f5c22739f42aad97d41af07a1293c4f,PB,300,False,0,6279
ad4442043f5c22739f42aad97d41af07a1293c4f,PB,75,True,1,8001
ad4442043f5c22739f42aad97d41af07a1293c4f,PB,150,True,1,7155
ad4442043f5c22739f42aad97d41af07a1293c4f,PB,150,False,0,12913
ad4442043f5c22739f42aad97d41af07a1293c4f,PB,75,False,0,6390
ad4442043f5c22739f42aad97d41af07a1293c4f,PB,300,False,0,12056
ad4442043f5c22739f42aad97d41af07a1293c4f,PB,150,True,1,10263
ad4442043f5c22739f42aad97d41af07a1293c4f,PB,300,True,1,5510
ad4442043f5c22739f42aad97d41af07a1293c4f,PB,150,False,0,10512
ad4442043f5c22739f42aad97d41af07a1293c4f,PB,75,False,0,12036
ad4442043f5c22739f42aad97d41af07a1293c4f,PB,150,True,1,6388
ad4442043f5c22739f42aad97d41af07a1293c4f,PB,75,False,0,6130
ad4442043f5c22739f42aad97d41af07a1293c4f,PB,75,True,1,5247
ad4442043f5c22739f42aad97d41af07a1293c4f,PB,300,True,1,5659
ad4442043f5c22739f42aad97d41af07a1293c4f,PB,150,True,1,5448
ad4442043f5c22739f42aad97d41af07a1293c4f,PB,75,True,1,4660
ad4442043f5c22739f42aad97d41af07a1293c4f,PB,150,True,1,6506
ad4442043f5c22739f42aad97d41af07a1293c4f,PB,300,True,1,4114
ad4442043f5c22739f42aad97d41af07a1293c4f,PB,150,False,0,8596
ad4442043f5c22739f42aad97d41af07a1293c4f,PB,300,False,0,4590
ad4442043f5c22739f42aad97d41af07a1293c4f,PB,150,True,1,5890
7b7d3293e4728de82c12e8318813b63ffa9e3076,WB,75,False,0,9234
7b7d3293e4728de82c12e8318813b63ffa9e3076,WB,150,True,1,6845
7b7d3293e4728de82c12e8318813b63ffa9e3076,WB,300,False,0,7569
7b7d3293e4728de82c12e8318813b63ffa9e3076,WB,75,True,1,5075
7b7d3293e4728de82c12e8318813b63ffa9e3076,WB,150,False,0,4378
7b7d3293e4728de82c12e8318813b63ffa9e3076,WB,300,True,1,3664
7b7d3293e4728de82c12e8318813b63ffa9e3076,WB,300,True,1,2568
7b7d3293e4728de82c12e8318813b63ffa9e3076,WB,75,True,1,4090
7b7d3293e4728de82c12e8318813b63ffa9e3076,WB,300,False,0,3004
7b7d3293e4728de82c12e8318813b63ffa9e3076,WB,150,True,1,3492
7b7d3293e4728de82c12e8318813b63ffa9e3076,WB,300,True,1,2584
7b7d3293e4728de82c12e8318813b63ffa9e3076,WB,300,False,0,3777
7b7d3293e4728de82c12e8318813b63ffa9e3076,WB,300,True,1,5973
7b7d3293e4728de82c12e8318813b63ffa9e3076,WB,75,Undecided,0,3214
7b7d3293e4728de82c12e8318813b63ffa9e3076,WB,150,False,0,2640
7b7d3293e4728de82c12e8318813b63ffa9e3076,WB,75,False,0,1798
7b7d3293e4728de82c12e8318813b63ffa9e3076,WB,150,True,1,2464
7b7d3293e4728de82c12e8318813b63ffa9e3076,WB,150,False,0,1044
7b7d3293e4728de82c12e8318813b63ffa9e3076,WB,300,False,0,2886
7b7d3293e4728de82c12e8318813b63ffa9e3076,WB,150,True,1,2284
7b7d3293e4728de82c12e8318813b63ffa9e3076,WB,75,True,1,1973
7b7d3293e4728de82c12e8318813b63ffa9e3076,WB,150,True,1,2495
7b7d3293e4728de82c12e8318813b63ffa9e3076,WB,300,True,1,1837
7b7d3293e4728de82c12e8318813b63ffa9e3076,WB,75,False,0,1763
7b7d3293e4728de82c12e8318813b63ffa9e3076,WB,150,True,1,2095
7b7d3293e4728de82c12e8318813b63ffa9e3076,WB,75,True,1,1812
7b7d3293e4728de82c12e8318813b63ffa9e3076,WB,75,True,1,1731
da4bb024bf4b236966c0ec46e14d8d21a529bc30,TM,75,False,0,8478
da4bb024bf4b236966c0ec46e14d8d21a529bc30,TM,300,False,0,5648
da4bb024bf4b236966c0ec46e14d8d21a529bc30,TM,300,True,1,6605
da4bb024bf4b236966c0ec46e14d8d21a529bc30,TM,75,True,1,2693
da4bb024bf4b236966c0ec46e14d8d21a529bc30,TM,75,False,0,2335
da4bb024bf4b236966c0ec46e14d8d21a529bc30,TM,75,True,1,3141
da4bb024bf4b236966c0ec46e14d8d21a529bc30,TM,300,True,1,3082
da4bb024bf4b236966c0ec46e14d8d21a529bc30,TM,150,False,0,4106
da4bb024bf4b236966c0ec46e14d8d21a529bc30,TM,75,True,1,2678
da4bb024bf4b236966c0ec46e14d8d21a529bc30,TM,150,True,1,3079
da4bb024bf4b236966c0ec46e14d8d21a529bc30,TM,150,False,0,3785
da4bb024bf4b236966c0ec46e14d8d21a529bc30,TM,150,True,1,2535
da4bb024bf4b236966c0ec46e14d8d21a529bc30,TM,150,False,0,5720
da4bb024bf4b236966c0ec46e14d8d21a529bc30,TM,300,True,1,3202
da4bb024bf4b236966c0ec46e14d8d21a529bc30,TM,150,True,1,4384
da4bb024bf4b236966c0ec46e14d8d21a529bc30,TM,75,Undecided,0,3952
da4bb024bf4b236966c0ec46e14d8d21a529bc30,TM,300,True,1,4215
da4bb024bf4b236966c0ec46e14d8d21a529bc30,TM,300,Undecided,0,4815
da4bb024bf4b236966c0ec46e14d8d21a529bc30,TM,75,True,1,4545
da4bb024bf4b236966c0ec46e14d8d21a529bc30,TM,300,Undecided,0,4838
da4bb024bf4b236966c0ec46e14d8d21a529bc30,TM,150,True,1,7008
da4bb024bf4b236966c0ec46e14d8d21a529bc30,TM,300,True,1,10921
da4bb024bf4b236966c0ec46e14d8d21a529bc30,TM,150,False,0,7321
da4bb024bf4b236966c0ec46e14d8d21a529bc30,TM,300,False,0,8393
da4bb024bf4b236966c0ec46e14d8d21a529bc30,TM,150,True,1,5396
da4bb024bf4b236966c0ec46e14d8d21a529bc30,TM,75,True,1,5225
da4bb024bf4b236966c0ec46e14d8d21a529bc30,TM,75,True,1,13540
9400f9d3ee18ff93c06cf08832600dc97472a2a3,PB,300,True,1,9603
9400f9d3ee18ff93c06cf08832600dc97472a2a3,PB,150,False,0,10539
9400f9d3ee18ff93c06cf08832600dc97472a2a3,PB,150,True,1,8996
9400f9d3ee18ff93c06cf08832600dc97472a2a3,PB,150,True,1,5497
9400f9d3ee18ff93c06cf08832600dc97472a2a3,PB,300,False,0,7193
9400f9d3ee18ff93c06cf08832600dc97472a2a3,PB,75,True,1,5616
9400f9d3ee18ff93c06cf08832600dc97472a2a3,PB,300,True,1,6120
9400f9d3ee18ff93c06cf08832600dc97472a2a3,PB,150,True,1,8410
9400f9d3ee18ff93c06cf08832600dc97472a2a3,PB,75,True,1,9011
9400f9d3ee18ff93c06cf08832600dc97472a2a3,PB,300,False,0,6651
9400f9d3ee18ff93c06cf08832600dc97472a2a3,PB,300,True,1,8762
9400f9d3ee18ff93c06cf08832600dc97472a2a3,PB,75,True,1,6006
9400f9d3ee18ff93c06cf08832600dc97472a2a3,PB,300,True,1,9441
9400f9d3ee18ff93c06cf08832600dc97472a2a3,PB,75,True,1,7925
9400f9d3ee18ff93c06cf08832600dc97472a2a3,PB,75,False,0,11991
9400f9d3ee18ff93c06cf08832600dc97472a2a3,PB,75,False,0,5998
9400f9d3ee18ff93c06cf08832600dc97472a2a3,PB,300,True,1,8052
9400f9d3ee18ff93c06cf08832600dc97472a2a3,PB,300,False,0,10197
9400f9d3ee18ff93c06cf08832600dc97472a2a3,PB,150,False,0,8209
9400f9d3ee18ff93c06cf08832600dc97472a2a3,PB,150,True,1,6537
9400f9d3ee18ff93c06cf08832600dc97472a2a3,PB,75,True,1,9191
9400f9d3ee18ff93c06cf08832600dc97472a2a3,PB,75,False,0,4642
9400f9d3ee18ff93c06cf08832600dc97472a2a3,PB,150,False,0,7255
9400f9d3ee18ff93c06cf08832600dc97472a2a3,PB,150,True,1,7949
9400f9d3ee18ff93c06cf08832600dc97472a2a3,PB,75,False,0,7036
9400f9d3ee18ff93c06cf08832600dc97472a2a3,PB,150,False,0,10264
9400f9d3ee18ff93c06cf08832600dc97472a2a3,PB,300,False,0,5162
a553ede7c157805cd41849f5500ed06195263d6f,TM,150,True,1,10295
a553ede7c157805cd41849f5500ed06195263d6f,TM,75,False,0,9637
a553ede7c157805cd41849f5500ed06195263d6f,TM,300,True,1,7844
a553ede7c157805cd41849f5500ed06195263d6f,TM,150,False,0,3888
a553ede7c157805cd41849f5500ed06195263d6f,TM,75,False,0,8002
a553ede7c157805cd41849f5500ed06195263d6f,TM,150,False,0,5239
a553ede7c157805cd41849f5500ed06195263d6f,TM,75,False,0,5584
a553ede7c157805cd41849f5500ed06195263d6f,TM,150,False,0,6269
a553ede7c157805cd41849f5500ed06195263d6f,TM,300,False,0,7612
a553ede7c157805cd41849f5500ed06195263d6f,TM,300,False,0,4450
a553ede7c157805cd41849f5500ed06195263d6f,TM,150,False,0,10359
a553ede7c157805cd41849f5500ed06195263d6f,TM,75,True,1,3522
a553ede7c157805cd41849f5500ed06195263d6f,TM,300,True,1,1769
a553ede7c157805cd41849f5500ed06195263d6f,TM,300,True,1,5625
a553ede7c157805cd41849f5500ed06195263d6f,TM,300,False,0,3050
a553ede7c157805cd41849f5500ed06195263d6f,TM,150,True,1,5407
a553ede7c157805cd41849f5500ed06195263d6f,TM,300,False,0,15934
a553ede7c157805cd41849f5500ed06195263d6f,TM,75,False,0,8267
a553ede7c157805cd41849f5500ed06195263d6f,TM,75,False,0,2804
a553ede7c157805cd41849f5500ed06195263d6f,TM,300,True,1,3477
a553ede7c157805cd41849f5500ed06195263d6f,TM,300,True,1,6582
a553ede7c157805cd41849f5500ed06195263d6f,TM,150,False,0,5792
a553ede7c157805cd41849f5500ed06195263d6f,TM,75,True,1,2279
a553ede7c157805cd41849f5500ed06195263d6f,TM,75,False,0,5376
a553ede7c157805cd41849f5500ed06195263d6f,TM,150,False,0,5666
a553ede7c157805cd41849f5500ed06195263d6f,TM,150,False,0,2674
a553ede7c157805cd41849f5500ed06195263d6f,TM,75,True,1,5305
b317e9af6104f29640fc8c7d243fcab732b94512,WB,150,True,1,4081
b317e9af6104f29640fc8c7d243fcab732b94512,WB,300,True,1,2722
b317e9af6104f29640fc8c7d243fcab732b94512,WB,300,True,1,2676
b317e9af6104f29640fc8c7d243fcab732b94512,WB,75,False,0,3627
b317e9af6104f29640fc8c7d243fcab732b94512,WB,300,False,0,1364
b317e9af6104f29640fc8c7d243fcab732b94512,WB,300,False,0,2172
b317e9af6104f29640fc8c7d243fcab732b94512,WB,150,False,0,2635
b317e9af6104f29640fc8c7d243fcab732b94512,WB,300,True,1,1091
b317e9af6104f29640fc8c7d243fcab732b94512,WB,75,True,1,1961
b317e9af6104f29640fc8c7d243fcab732b94512,WB,300,True,1,1883
b317e9af6104f29640fc8c7d243fcab732b94512,WB,75,True,1,2077
b317e9af6104f29640fc8c7d243fcab732b94512,WB,150,True,1,2248
b317e9af6104f29640fc8c7d243fcab732b94512,WB,75,False,0,2075
b317e9af6104f29640fc8c7d243fcab732b94512,WB,150,False,0,2030
b317e9af6104f29640fc8c7d243fcab732b94512,WB,75,True,1,1810
b317e9af6104f29640fc8c7d243fcab732b94512,WB,75,True,1,3718
b317e9af6104f29640fc8c7d243fcab732b94512,WB,150,True,1,2329
b317e9af6104f29640fc8c7d243fcab732b94512,WB,75,True,1,2261
b317e9af6104f29640fc8c7d243fcab732b94512,WB,75,False,0,2676
b317e9af6104f29640fc8c7d243fcab732b94512,WB,75,True,1,2042
b317e9af6104f29640fc8c7d243fcab732b94512,WB,300,True,1,1650
b317e9af6104f29640fc8c7d243fcab732b94512,WB,300,True,1,3604
b317e9af6104f29640fc8c7d243fcab732b94512,WB,150,True,1,2743
b317e9af6104f29640fc8c7d243fcab732b94512,WB,150,True,1,2445
b317e9af6104f29640fc8c7d243fcab732b94512,WB,300,True,1,1690
b317e9af6104f29640fc8c7d243fcab732b94512,WB,150,True,1,1484
b317e9af6104f29640fc8c7d243fcab732b94512,WB,150,True,1,4435
9f1be30d547915b06c570e9bf224138321e60f61,PB,150,True,1,4840
9f1be30d547915b06c570e9bf224138321e60f61,PB,150,True,1,3844
9f1be30d547915b06c570e9bf224138321e60f61,PB,300,True,1,2867
9f1be30d547915b06c570e9bf224138321e60f61,PB,300,True,1,3281
9f1be30d547915b06c570e9bf224138321e60f61,PB,75,True,1,2812
9f1be30d547915b06c570e9bf224138321e60f61,PB,300,True,1,2662
9f1be30d547915b06c570e9bf224138321e60f61,PB,150,True,1,3763
9f1be30d547915b06c570e9bf224138321e60f61,PB,150,True,1,2305
9f1be30d547915b06c570e9bf224138321e60f61,PB,300,True,1,4093
9f1be30d547915b06c570e9bf224138321e60f61,PB,300,True,1,2266
9f1be30d547915b06c570e9bf224138321e60f61,PB,300,True,1,2788
9f1be30d547915b06c570e9bf224138321e60f61,PB,150,False,0,4141
9f1be30d547915b06c570e9bf224138321e60f61,PB,300,False,0,3047
9f1be30d547915b06c570e9bf224138321e60f61,PB,150,True,1,3321
9f1be30d547915b06c570e9bf224138321e60f61,PB,150,True,1,3526
9f1be30d547915b06c570e9bf224138321e60f61,PB,300,False,0,3781
9f1be30d547915b06c570e9bf224138321e60f61,PB,150,Undecided,0,3102
9f1be30d547915b06c570e9bf224138321e60f61,PB,150,False,0,3086
9f1be30d547915b06c570e9bf224138321e60f61,PB,75,True,1,2992
9f1be30d547915b06c570e9bf224138321e60f61,PB,75,False,0,4097
9f1be30d547915b06c570e9bf224138321e60f61,PB,75,True,1,2103
9f1be30d547915b06c570e9bf224138321e60f61,PB,75,True,1,3082
9f1be30d547915b06c570e9bf224138321e60f61,PB,75,True,1,3346
9f1be30d547915b06c570e9bf224138321e60f61,PB,300,True,1,2430
9f1be30d547915b06c570e9bf224138321e60f61,PB,75,True,1,3572
9f1be30d547915b06c570e9bf224138321e60f61,PB,75,False,0,2345
9f1be30d547915b06c570e9bf224138321e60f61,PB,75,False,0,2075
d2571b768ffeb936e5d5912a9b0f48dbc302c8a4,TM,300,True,1,4661
d2571b768ffeb936e5d5912a9b0f48dbc302c8a4,TM,75,True,1,4281
d2571b768ffeb936e5d5912a9b0f48dbc302c8a4,TM,150,True,1,6151
d2571b768ffeb936e5d5912a9b0f48dbc302c8a4,TM,75,False,0,3789
d2571b768ffeb936e5d5912a9b0f48dbc302c8a4,TM,150,False,0,6446
d2571b768ffeb936e5d5912a9b0f48dbc302c8a4,TM,300,True,1,3216
d2571b768ffeb936e5d5912a9b0f48dbc302c8a4,TM,75,True,1,6366
d2571b768ffeb936e5d5912a9b0f48dbc302c8a4,TM,150,True,1,3074
d2571b768ffeb936e5d5912a9b0f48dbc302c8a4,TM,300,True,1,4158
d2571b768ffeb936e5d5912a9b0f48dbc302c8a4,TM,75,True,1,6351
d2571b768ffeb936e5d5912a9b0f48dbc302c8a4,TM,150,True,1,3053
d2571b768ffeb936e5d5912a9b0f48dbc302c8a4,TM,75,True,1,3548
d2571b768ffeb936e5d5912a9b0f48dbc302c8a4,TM,300,True,1,2300
d2571b768ffeb936e5d5912a9b0f48dbc302c8a4,TM,300,True,1,4380
d2571b768ffeb936e5d5912a9b0f48dbc302c8a4,TM,75,False,0,6214
d2571b768ffeb936e5d5912a9b0f48dbc302c8a4,TM,300,True,1,3335
d2571b768ffeb936e5d5912a9b0f48dbc302c8a4,TM,300,True,1,2807
d2571b768ffeb936e5d5912a9b0f48dbc302c8a4,TM,75,False,0,17325
d2571b768ffeb936e5d5912a9b0f48dbc302c8a4,TM,150,False,0,3254
d2571b768ffeb936e5d5912a9b0f48dbc302c8a4,TM,150,True,1,2335
d2571b768ffeb936e5d5912a9b0f48dbc302c8a4,TM,150,False,0,2320
d2571b768ffeb936e5d5912a9b0f48dbc302c8a4,TM,150,True,1,2577
d2571b768ffeb936e5d5912a9b0f48dbc302c8a4,TM,75,True,1,2278
d2571b768ffeb936e5d5912a9b0f48dbc302c8a4,TM,75,True,1,2757
d2571b768ffeb936e5d5912a9b0f48dbc302c8a4,TM,150,True,1,5382
d2571b768ffeb936e5d5912a9b0f48dbc302c8a4,TM,300,True,1,4393
d2571b768ffeb936e5d5912a9b0f48dbc302c8a4,TM,300,False,0,2271
